time_ms,ax,ay,az,gx,gy,gz
41,-0.8527,0.7517,0.7309,-1.1836,-0.6206,-0.663
53,-0.8525,0.7517,0.7296,-1.321,-1.0328,0.1462
66,-0.8544,0.7588,0.7377,-1.1378,-0.3458,-0.1133
77,-0.8573,0.7573,0.7345,-0.2218,0.0664,-0.2355
89,-0.8522,0.7544,0.7355,0.4042,0.6161,0.421
101,-0.8554,0.7571,0.7323,0.5111,0.7382,0.0546
143,-0.8554,0.7556,0.7282,-0.6798,0.0206,-0.5103
155,-0.8569,0.7551,0.7367,0.282,0.0054,0.192
167,-0.8552,0.7503,0.7318,0.908,0.5703,0.8027
179,-0.8549,0.7576,0.7331,0.8927,0.4176,0.8485
191,-0.8542,0.7593,0.7311,0.0225,0.0054,0.2683
203,-0.8547,0.76,0.7318,-1.1378,-0.0862,-1.2278
245,-0.8595,0.749,0.7392,0.45,0.6619,0.5889
257,-0.8539,0.7549,0.7309,0.5569,1.0435,1.3981
269,-0.8542,0.7573,0.7321,-0.2065,1.3489,0.5431
281,-0.8537,0.7561,0.7316,-0.0538,1.1809,-0.4034
293,-0.853,0.7549,0.7289,-0.1302,0.9825,-1.2126
305,-0.8564,0.7581,0.7323,-0.6493,-0.2542,-2.0675
347,-0.8522,0.7527,0.7343,-0.0844,-0.3763,0.6195
359,-0.8595,0.7524,0.7328,-0.0691,0.158,0.9401
370,-0.8559,0.7539,0.7382,-1.4584,0.4329,1.3065
383,-0.8654,0.7529,0.7404,-1.5805,0.9061,2.0851
395,-0.8676,0.7549,0.7389,-3.5958,1.1962,2.7264
407,-0.8757,0.7578,0.7353,-5.55,0.097,2.7416
449,-0.9697,0.6804,0.8197,-2.4813,-20.8343,6.0699
461,-0.9399,0.665,0.7868,4.8011,-28.987,8.2836
473,-0.8693,0.6885,0.7868,17.1981,-30.0862,7.2302
485,-0.7885,0.7183,0.7694,20.0225,-31.1549,8.1004
497,-0.7538,0.7229,0.766,22.1446,-28.5442,5.963
509,-0.7363,0.7524,0.7399,25.8393,-25.7504,0.3294
552,-0.7531,0.803,0.6996,7.0912,-9.216,-16.3882
563,-0.7787,0.8342,0.6945,-3.6569,-2.132,-18.953
575,-0.8093,0.8428,0.7602,-6.5118,2.9367,-16.9378
587,-0.8364,0.8189,0.7763,-8.6951,3.41,-14.3729
600,-0.8444,0.7712,0.7895,-11.1225,3.3642,-13.7622
611,-0.8644,0.7537,0.8,-8.8325,0.9672,-13.4569
653,-0.8444,0.7634,0.7499,-0.8477,0.555,-6.6019
665,-0.8525,0.7732,0.7223,-2.1607,2.0206,-5.0752
677,-0.8627,0.7566,0.7773,-4.3286,1.6848,-5.0752
689,-0.8676,0.77,0.7768,-3.1836,-2.0252,-5.0752
701,-0.8456,0.7151,0.769,-1.9317,-3.7045,-5.8385
713,-0.8432,0.7263,0.7582,-1.4279,-1.9946,-7.5943
755,-0.8403,0.7105,0.7978,-5.0767,-2.5748,-5.5332
767,-0.8378,0.7036,0.7853,-1.0004,-3.5061,-9.4721
779,-0.8456,0.6941,0.786,0.1599,-2.4679,-5.3958
792,-0.8344,0.7119,0.7858,1.595,-1.1397,-1.1973
803,-0.8346,0.7112,0.7919,1.6561,0.2344,1.5355
815,-0.8334,0.7117,0.7907,4.5416,2.3565,3.2607
857,-0.8295,0.7988,0.7492,22.6027,-6.3916,-14.1286
869,-0.9164,0.8049,0.7567,29.2286,0.4634,-14.4492
881,-0.7905,0.6973,0.7274,10.053,-3.2618,-16.0523
893,-0.8993,0.9219,0.7543,20.1446,3.9901,8.1462
904,-0.8312,0.7354,0.7785,10.0378,2.4939,1.0775
917,-0.737,0.5881,0.6779,3.8088,-4.6206,-24.5561
959,-0.8266,0.7261,0.7797,-0.3897,-0.9412,-5.5943
971,-0.808,0.6692,0.7694,-4.0844,-2.0099,-14.0981
983,-0.8383,0.7817,0.7926,-4.1149,-0.529,-1.0446
995,-0.8334,0.7153,0.7912,0.0988,0.1275,0.6042
1007,-0.8315,0.7293,0.7858,0.4805,0.4023,-0.6019
1019,-0.8356,0.7205,0.7829,-1.1989,-0.3,-2.2355
1061,-0.832,0.7124,0.7856,-2.9546,-1.9794,-2.0828
1073,-0.8342,0.7183,0.778,-2.6035,-2.6358,-1.8538
1085,-0.8432,0.7307,0.7543,-5.7638,-3.8878,-4.4798
1097,-0.8923,0.7178,0.6083,-12.634,2.9519,-7.9454
1109,-0.9023,0.7363,0.5233,0.7553,18.326,3.0012
1121,-0.8488,0.7669,0.641,5.3202,7.1962,2.0699
1163,-0.8603,0.6311,0.922,-15.3057,11.0435,7.2302
1175,-0.7475,0.5894,0.7509,-19.1836,-0.0404,-5.3653
1188,-0.8288,0.7048,0.9296,-16.7867,10.0206,9.5966
1199,-0.8571,0.7683,0.871,-2.1607,8.6619,9.1996
1211,-0.8642,0.5708,0.8952,-11.2752,6.2802,12.6653
1223,-0.8825,0.7271,0.7411,0.1599,10.3413,11.2302
1265,-0.8342,0.6829,0.7748,2.7859,2.0512,4.3752
1277,-0.8322,0.7185,0.7819,4.7553,2.2191,4.0546
1289,-0.8415,0.7227,0.7731,5.1065,2.326,3.337
1300,-0.8425,0.7302,0.7626,2.0988,2.1733,1.3981
1313,-0.8456,0.7268,0.7604,2.4653,1.5168,0.3447
1325,-0.8405,0.7256,0.757,1.763,1.2115,0.4363
1366,-0.8427,0.7273,0.7636,1.763,0.8603,1.8867
1379,-0.8456,0.7329,0.7624,1.6561,1.4863,1.566
1391,-0.841,0.7341,0.7616,1.2744,1.7458,0.9859
1403,-0.8437,0.7324,0.7626,1.1523,1.5626,-0.1133
1414,-0.8473,0.7327,0.7548,1.8393,1.2267,0.1462
1427,-0.8437,0.7251,0.7572,2.2973,0.9367,0.7416
1469,-0.8449,0.7302,0.7587,2.0836,1.7,2.0088
1480,-0.8444,0.7293,0.7589,1.6714,1.2726,1.1844
1493,-0.8395,0.7383,0.7592,0.7401,1.0435,0.5279
1505,-0.8468,0.731,0.7648,0.7095,1.0893,0.3752
1517,-0.8454,0.7312,0.7555,1.9614,1.6542,0.7416
1528,-0.8439,0.7315,0.7592,1.137,0.8451,0.6805
1571,-0.8444,0.7324,0.7585,1.0149,0.3107,1.4744
1582,-0.84,0.7246,0.7585,2.1599,0.8451,1.7035
1595,-0.8415,0.7249,0.7631,4.5721,1.5474,2.3294
1607,-0.8439,0.7351,0.7565,3.9462,1.8985,2.1157
1619,-0.8483,0.7271,0.7631,3.1981,2.1428,1.5813
1632,-0.8234,0.6282,0.8266,-1.1225,-1.3839,-4.6935
1673,-0.8427,0.7456,0.7265,5.3965,-1.0328,-5.2126
1685,-0.8522,0.7183,0.737,7.4729,-0.0099,-2.5866
1697,-0.8429,0.6692,0.7697,6.4347,-0.9259,-7.0599
1710,-0.8251,0.677,0.7892,0.7553,-0.6969,-9.3195
1722,-0.8471,0.6638,0.7367,3.0454,0.2344,-8.663
1734,-0.8779,0.8589,0.7358,21.2133,-0.3916,-2.7698
1776,-0.8293,0.6719,0.6784,-3.092,1.4558,-18.1286
1788,-0.8605,0.6668,0.622,-4.9393,1.929,-12.6782
1800,-0.8661,0.7859,0.7497,7.2591,0.7687,0.4057
1812,-0.8344,0.7678,0.8039,0.7248,3.2115,-2.5103
1824,-0.8422,0.7449,0.7594,2.5263,4.1122,-2.8004
1836,-0.8564,0.7315,0.7099,-3.0462,6.0817,-3.35
1878,-0.8388,0.6965,0.818,-9.947,6.6466,-0.0981
1890,-0.8583,0.7669,0.6881,-3.2752,4.3107,2.3599
1902,-0.8732,0.7446,0.6471,-3.6416,5.9443,2.4973
1914,-0.8395,0.7078,0.8017,-9.1989,0.2038,1.6576
1927,-0.8857,0.6633,0.8642,-16.8019,7.2726,9.1386
1938,-0.9013,0.8477,0.6269,4.6179,2.9061,5.8103
1980,-0.8815,0.822,0.5199,6.2973,7.6848,22.5126
1992,-0.831,0.6057,0.6996,-2.3286,1.7916,17.9172
2004,-0.8417,0.6338,0.8046,-0.176,1.9901,-3.1362
2016,-0.8285,0.7922,0.786,4.1752,0.4939,15.7951
2028,-0.86,0.6548,0.6361,-3.1531,2.4634,15.0775
2041,-0.8608,0.6607,0.7509,-3.9928,-1.0939,-0.5408
2082,-0.8666,0.7612,0.7419,4.4195,0.5092,8.3905
2094,-0.8403,0.6899,0.7489,-6.4355,-2.4679,-1.0752
2107,-0.8539,0.7163,0.7336,-3.5042,-3.5977,-3.0294
2118,-0.8527,0.7273,0.7414,-1.2141,-1.9488,-0.0675
2130,-0.8537,0.7197,0.7348,1.8088,-0.1473,2.5431
2142,-0.8522,0.7273,0.7472,0.6943,0.2038,2.818
2185,-0.8493,0.7451,0.7404,-0.1149,0.8909,0.9248
2196,-0.853,0.7407,0.7499,-0.0233,1.0435,0.65
2208,-0.8534,0.7402,0.7416,0.6179,1.3336,1.566
2220,-0.8525,0.739,0.7475,0.908,1.8069,2.2225
2232,-0.853,0.7427,0.7353,1.4118,1.5474,2.5584
2243,-0.8508,0.7483,0.7355,1.5034,1.1809,2.3294
2286,-0.853,0.7415,0.7362,-1.1683,0.097,-0.2049
2298,-0.8517,0.7437,0.7375,-0.1149,0.7993,1.1996
2309,-0.85,0.7483,0.7423,0.0988,0.9825,1.9325
2322,-0.852,0.7488,0.7387,0.0072,0.9977,0.8027
2334,-0.8547,0.7483,0.7428,-0.0691,1.1199,-0.037
2346,-0.8552,0.7451,0.737,-0.4966,0.2191,-0.8462
2388,-0.8549,0.7422,0.745,-0.7561,-0.529,-0.1133
2400,-0.8481,0.7441,0.7406,-0.6645,-0.4374,-0.1286
2412,-0.853,0.7451,0.7433,-0.1302,-0.071,-0.0828
2424,-0.8512,0.7471,0.7406,-0.3439,0.097,-0.3118
2435,-0.8505,0.7378,0.7372,0.4347,0.2191,0.1767
2448,-0.8508,0.7385,0.7343,0.2515,0.4634,0.4973
2490,-0.8547,0.7434,0.736,-0.3134,0.6619,-0.2049
2501,-0.8569,0.7478,0.7399,-0.5271,0.1733,-0.1897
2514,-0.8556,0.7422,0.7401,-1.0462,-0.0252,-0.6019
2526,-0.8486,0.7459,0.7423,-1.7638,-0.3305,-0.3118
2538,-0.8525,0.7449,0.737,-0.8783,0.0054,-0.3118
2550,-0.8537,0.7456,0.7411,-0.6035,0.0512,-0.3271
2592,-0.8508,0.7427,0.7467,1.6866,1.3794,0.4668
2604,-0.8449,0.7476,0.7399,0.1446,0.8756,0.0546
2616,-0.852,0.7446,0.7382,-0.008,0.9214,-0.1744
2628,-0.8525,0.7451,0.7445,-0.237,0.6924,0.1157
2640,-0.849,0.7441,0.7382,-2.6951,0.0054,-0.266
2652,-0.8517,0.7476,0.7404,-1.4431,0.1275,-0.1897
2694,-0.8561,0.7422,0.736,0.1141,0.0054,-0.1897
2705,-0.8542,0.741,0.748,-0.9851,0.0512,0.0393
2718,-0.8515,0.7476,0.7409,-0.9699,0.4481,0.0393
2730,-0.8537,0.7441,0.7394,-0.0538,0.6161,0.5584
2742,-0.8534,0.7459,0.7331,-1.2447,0.097,0.2836
2754,-0.8547,0.7437,0.7377,-1.4889,0.0817,0.0851
2796,-0.853,0.7417,0.7443,-0.8019,0.1733,-0.2813
2808,-0.85,0.7446,0.7448,0.679,0.4939,0.4821
