epoch,loss,best_loss,lr,no_improve,timestamp
--- SESSION START | 2026-04-14 01:53:21 | fresh start ---
1,1493.786377,1493.786377,1.50e-05,0,2026-04-14 01:53:43
2,1493.403442,1493.403442,3.00e-05,0,2026-04-14 01:53:58
3,1492.616577,1492.616577,4.50e-05,0,2026-04-14 01:54:12
4,1491.505005,1491.505005,6.00e-05,0,2026-04-14 01:54:27
5,1490.020020,1490.020020,7.50e-05,0,2026-04-14 01:54:42
6,1488.081543,1488.081543,9.00e-05,0,2026-04-14 01:54:57
7,1485.522095,1485.522095,1.05e-04,0,2026-04-14 01:55:11
8,1482.658936,1482.658936,1.20e-04,0,2026-04-14 01:55:26
9,1479.200317,1479.200317,1.35e-04,0,2026-04-14 01:55:41
10,1475.227295,1475.227295,1.50e-04,0,2026-04-14 01:55:56
11,1470.625854,1470.625854,1.65e-04,0,2026-04-14 01:56:10
12,1465.503418,1465.503418,1.80e-04,0,2026-04-14 01:56:25
13,1459.580933,1459.580933,1.95e-04,0,2026-04-14 01:56:40
14,1452.973511,1452.973511,2.10e-04,0,2026-04-14 01:56:54
15,1445.730591,1445.730591,2.25e-04,0,2026-04-14 01:57:10
16,1437.468018,1437.468018,2.40e-04,0,2026-04-14 01:57:26
17,1428.375244,1428.375244,2.55e-04,0,2026-04-14 01:57:42
18,1418.207275,1418.207275,2.70e-04,0,2026-04-14 01:57:58
19,1406.699341,1406.699341,2.85e-04,0,2026-04-14 01:58:13
20,1393.661865,1393.661865,3.00e-04,0,2026-04-14 01:58:29
21,1378.823242,1378.823242,3.00e-04,0,2026-04-14 01:58:45
22,1362.391846,1362.391846,3.00e-04,0,2026-04-14 01:59:00
23,1344.191528,1344.191528,3.00e-04,0,2026-04-14 01:59:16
24,1324.151978,1324.151978,3.00e-04,0,2026-04-14 01:59:31
25,1301.228271,1301.228271,3.00e-04,0,2026-04-14 01:59:47
26,1275.074097,1275.074097,3.00e-04,0,2026-04-14 02:00:02
27,1244.711182,1244.711182,3.00e-04,0,2026-04-14 02:00:17
28,1209.432373,1209.432373,3.00e-04,0,2026-04-14 02:00:32
29,1167.826172,1167.826172,2.99e-04,0,2026-04-14 02:00:48
30,1117.874878,1117.874878,2.99e-04,0,2026-04-14 02:01:03
31,1057.079590,1057.079590,2.99e-04,0,2026-04-14 02:01:18
32,983.232239,983.232239,2.99e-04,0,2026-04-14 02:01:33
33,892.857666,892.857666,2.99e-04,0,2026-04-14 02:01:48
34,783.423523,783.423523,2.98e-04,0,2026-04-14 02:02:04
35,654.601318,654.601318,2.98e-04,0,2026-04-14 02:02:19
36,514.274841,514.274841,2.98e-04,0,2026-04-14 02:02:34
37,376.019775,376.019775,2.98e-04,0,2026-04-14 02:02:49
38,256.969696,256.969696,2.97e-04,0,2026-04-14 02:03:05
39,167.673904,167.673904,2.97e-04,0,2026-04-14 02:03:20
40,105.886169,105.886169,2.97e-04,0,2026-04-14 02:03:35
41,65.301010,65.301010,2.96e-04,0,2026-04-14 02:03:51
42,39.140335,39.140335,2.96e-04,0,2026-04-14 02:04:07
43,22.572321,22.572321,2.96e-04,0,2026-04-14 02:04:23
44,12.834183,12.834183,2.95e-04,0,2026-04-14 02:04:37
45,7.745464,7.745464,2.95e-04,0,2026-04-14 02:04:51
46,5.010646,5.010646,2.94e-04,0,2026-04-14 02:05:05
47,3.422724,3.422724,2.94e-04,0,2026-04-14 02:05:19
48,2.400803,2.400803,2.94e-04,0,2026-04-14 02:05:33
49,1.741099,1.741099,2.93e-04,0,2026-04-14 02:05:48
50,1.277629,1.277629,2.93e-04,0,2026-04-14 02:06:02
51,0.943249,0.943249,2.92e-04,0,2026-04-14 02:06:15
52,0.705982,0.705982,2.91e-04,0,2026-04-14 02:06:30
53,0.533904,0.533904,2.91e-04,0,2026-04-14 02:06:45
54,0.404962,0.404962,2.90e-04,0,2026-04-14 02:06:59
55,0.310306,0.310306,2.90e-04,0,2026-04-14 02:07:13
56,0.238442,0.238442,2.89e-04,0,2026-04-14 02:07:27
57,0.187134,0.187134,2.89e-04,0,2026-04-14 02:07:41
58,0.147647,0.147647,2.88e-04,0,2026-04-14 02:07:56
59,0.118782,0.118782,2.87e-04,0,2026-04-14 02:08:10
60,0.097095,0.097095,2.87e-04,0,2026-04-14 02:08:24
61,0.080012,0.080012,2.86e-04,0,2026-04-14 02:08:38
62,0.067259,0.067259,2.85e-04,0,2026-04-14 02:08:52
63,0.057036,0.057036,2.84e-04,0,2026-04-14 02:09:06
64,0.049201,0.049201,2.84e-04,0,2026-04-14 02:09:20
65,0.042420,0.042420,2.83e-04,0,2026-04-14 02:09:34
66,0.037478,0.037478,2.82e-04,0,2026-04-14 02:09:49
67,0.033375,0.033375,2.81e-04,0,2026-04-14 02:10:02
68,0.030040,0.030040,2.81e-04,0,2026-04-14 02:10:17
69,0.027051,0.027051,2.80e-04,0,2026-04-14 02:10:31
70,0.024580,0.024580,2.79e-04,0,2026-04-14 02:10:45
71,0.022659,0.022659,2.78e-04,0,2026-04-14 02:10:59
72,0.020954,0.020954,2.77e-04,0,2026-04-14 02:11:14
73,0.019570,0.019570,2.76e-04,0,2026-04-14 02:11:28
74,0.018244,0.018244,2.76e-04,0,2026-04-14 02:11:42
75,0.017034,0.017034,2.75e-04,0,2026-04-14 02:11:57
76,0.015975,0.015975,2.74e-04,0,2026-04-14 02:12:11
77,0.015378,0.015378,2.73e-04,0,2026-04-14 02:12:25
78,0.014510,0.014510,2.72e-04,0,2026-04-14 02:12:40
79,0.013910,0.013910,2.71e-04,0,2026-04-14 02:12:54
80,0.013379,0.013379,2.70e-04,0,2026-04-14 02:13:08
81,0.012848,0.012848,2.69e-04,0,2026-04-14 02:13:22
82,0.012326,0.012326,2.68e-04,0,2026-04-14 02:13:37
83,0.012014,0.012014,2.67e-04,0,2026-04-14 02:13:51
84,0.011716,0.011716,2.66e-04,0,2026-04-14 02:14:05
85,0.011322,0.011322,2.65e-04,0,2026-04-14 02:14:19
86,0.011056,0.011056,2.64e-04,0,2026-04-14 02:14:33
87,0.010729,0.010729,2.63e-04,0,2026-04-14 02:14:48
88,0.010418,0.010418,2.62e-04,0,2026-04-14 02:15:02
89,0.010211,0.010211,2.60e-04,0,2026-04-14 02:15:16
90,0.009948,0.009948,2.59e-04,0,2026-04-14 02:15:30
91,0.009866,0.009866,2.58e-04,0,2026-04-14 02:15:43
92,0.009615,0.009615,2.57e-04,0,2026-04-14 02:15:57
93,0.009493,0.009493,2.56e-04,0,2026-04-14 02:16:11
94,0.009283,0.009283,2.55e-04,0,2026-04-14 02:16:25
95,0.009140,0.009140,2.54e-04,0,2026-04-14 02:16:40
96,0.008951,0.008951,2.52e-04,0,2026-04-14 02:16:54
97,0.008923,0.008923,2.51e-04,0,2026-04-14 02:17:07
98,0.008653,0.008653,2.50e-04,0,2026-04-14 02:17:22
99,0.008625,0.008625,2.49e-04,0,2026-04-14 02:17:36
100,0.008569,0.008569,2.48e-04,0,2026-04-14 02:17:50
101,0.008450,0.008450,2.46e-04,0,2026-04-14 02:18:04
102,0.008372,0.008372,2.45e-04,0,2026-04-14 02:18:18
103,0.008276,0.008276,2.44e-04,0,2026-04-14 02:18:32
104,0.008159,0.008159,2.43e-04,0,2026-04-14 02:18:47
105,0.008098,0.008098,2.41e-04,0,2026-04-14 02:19:01
106,0.008096,0.008096,2.40e-04,0,2026-04-14 02:19:16
107,0.007938,0.007938,2.39e-04,0,2026-04-14 02:19:31
108,0.007913,0.007913,2.37e-04,0,2026-04-14 02:19:47
109,0.007834,0.007834,2.36e-04,0,2026-04-14 02:20:02
110,0.007829,0.007829,2.35e-04,0,2026-04-14 02:20:18
111,0.007699,0.007699,2.33e-04,0,2026-04-14 02:20:33
--- SESSION END | ctrl+c | stopped at epoch 112 | best_loss=0.007699 | 2026-04-14 02:20:47 ---
--- SESSION START | 2026-04-14 03:03:06 | fresh start ---
--- SESSION END | ctrl+c (no weights) | stopped at epoch 0 | best_loss=inf | 2026-04-14 03:06:41 ---
--- SESSION START | 2026-04-14 03:08:44 | fresh start ---
--- SESSION END | ctrl+c (no weights) | stopped at epoch 0 | best_loss=inf | 2026-04-14 03:09:05 ---
--- SESSION START | 2026-04-14 03:10:58 | fresh start ---
1,273.002900,273.002900,1.00e-04,0,2026-04-14 03:11:35
2,255.846727,255.846727,2.00e-04,0,2026-04-14 03:12:07
3,203.526066,203.526066,3.00e-04,0,2026-04-14 03:12:36
4,58.312433,58.312433,4.00e-04,0,2026-04-14 03:13:06
5,4.348510,4.348510,5.00e-04,0,2026-04-14 03:13:35
6,3.485790,3.485790,5.00e-04,0,2026-04-14 03:14:05
7,3.342496,3.342496,5.00e-04,0,2026-04-14 03:14:35
8,3.315602,3.315602,5.00e-04,0,2026-04-14 03:15:05
9,3.308274,3.308274,4.99e-04,0,2026-04-14 03:15:35
10,3.304186,3.304186,4.99e-04,0,2026-04-14 03:16:04
11,3.302695,3.302695,4.99e-04,0,2026-04-14 03:16:34
12,3.300526,3.300526,4.98e-04,0,2026-04-14 03:17:03
13,3.298589,3.298589,4.97e-04,0,2026-04-14 03:17:32
14,3.297450,3.297450,4.96e-04,0,2026-04-14 03:18:02
15,3.296216,3.296216,4.95e-04,0,2026-04-14 03:18:32
16,3.296192,3.296192,4.94e-04,0,2026-04-14 03:19:02
17,3.294454,3.294454,4.93e-04,0,2026-04-14 03:19:31
18,3.293675,3.293675,4.92e-04,0,2026-04-14 03:20:01
19,3.291025,3.291025,4.91e-04,0,2026-04-14 03:20:30
20,3.287952,3.287952,4.89e-04,0,2026-04-14 03:21:00
21,3.286827,3.286827,4.88e-04,0,2026-04-14 03:21:30
22,3.281303,3.281303,4.86e-04,0,2026-04-14 03:21:59
23,3.275283,3.275283,4.84e-04,0,2026-04-14 03:22:29
24,3.262213,3.262213,4.82e-04,0,2026-04-14 03:22:59
25,3.236608,3.236608,4.80e-04,0,2026-04-14 03:23:28
26,3.190544,3.190544,4.78e-04,0,2026-04-14 03:23:58
27,3.105946,3.105946,4.76e-04,0,2026-04-14 03:24:28
28,2.966142,2.966142,4.74e-04,0,2026-04-14 03:24:58
29,2.741205,2.741205,4.71e-04,0,2026-04-14 03:25:27
30,2.465301,2.465301,4.69e-04,0,2026-04-14 03:25:56
31,2.228706,2.228706,4.66e-04,0,2026-04-14 03:26:26
32,2.073817,2.073817,4.63e-04,0,2026-04-14 03:26:55
33,1.947146,1.947146,4.61e-04,0,2026-04-14 03:27:25
34,1.855638,1.855638,4.58e-04,0,2026-04-14 03:27:54
35,1.781044,1.781044,4.55e-04,0,2026-04-14 03:28:24
36,1.710067,1.710067,4.52e-04,0,2026-04-14 03:28:53
37,1.639343,1.639343,4.48e-04,0,2026-04-14 03:29:23
38,1.585150,1.585150,4.45e-04,0,2026-04-14 03:29:52
39,1.523001,1.523001,4.42e-04,0,2026-04-14 03:30:22
40,1.479085,1.479085,4.38e-04,0,2026-04-14 03:30:52
41,1.420635,1.420635,4.35e-04,0,2026-04-14 03:31:21
42,1.387870,1.387870,4.31e-04,0,2026-04-14 03:31:51
43,1.335906,1.335906,4.28e-04,0,2026-04-14 03:32:20
44,1.293646,1.293646,4.24e-04,0,2026-04-14 03:32:49
45,1.253772,1.253772,4.20e-04,0,2026-04-14 03:33:19
46,1.220488,1.220488,4.16e-04,0,2026-04-14 03:33:49
47,1.209067,1.209067,4.12e-04,0,2026-04-14 03:34:18
48,1.179682,1.179682,4.08e-04,0,2026-04-14 03:34:48
49,1.148083,1.148083,4.04e-04,0,2026-04-14 03:35:17
50,1.129694,1.129694,4.00e-04,0,2026-04-14 03:35:46
51,1.105211,1.105211,3.96e-04,0,2026-04-14 03:36:16
52,1.084033,1.084033,3.91e-04,0,2026-04-14 03:36:46
53,1.071314,1.071314,3.87e-04,0,2026-04-14 03:37:15
54,1.063600,1.063600,3.83e-04,0,2026-04-14 03:37:44
55,1.050376,1.050376,3.78e-04,0,2026-04-14 03:38:14
56,1.024648,1.024648,3.74e-04,0,2026-04-14 03:38:43
57,1.000926,1.000926,3.69e-04,0,2026-04-14 03:39:12
58,0.982428,0.982428,3.65e-04,0,2026-04-14 03:39:42
59,0.980315,0.980315,3.60e-04,0,2026-04-14 03:40:11
60,0.965100,0.965100,3.55e-04,0,2026-04-14 03:40:41
61,0.953170,0.953170,3.50e-04,0,2026-04-14 03:41:11
62,0.955938,0.953170,3.46e-04,1,2026-04-14 03:41:40
63,0.929938,0.929938,3.41e-04,0,2026-04-14 03:42:09
64,0.917511,0.917511,3.36e-04,0,2026-04-14 03:42:39
65,0.899084,0.899084,3.31e-04,0,2026-04-14 03:43:09
66,0.891374,0.891374,3.26e-04,0,2026-04-14 03:43:38
67,0.875216,0.875216,3.21e-04,0,2026-04-14 03:44:08
68,0.858237,0.858237,3.16e-04,0,2026-04-14 03:44:37
69,0.846932,0.846932,3.11e-04,0,2026-04-14 03:45:07
70,0.829760,0.829760,3.06e-04,0,2026-04-14 03:45:37
71,0.818982,0.818982,3.01e-04,0,2026-04-14 03:46:06
72,0.812634,0.812634,2.96e-04,0,2026-04-14 03:46:36
73,0.806914,0.806914,2.91e-04,0,2026-04-14 03:47:05
74,0.797575,0.797575,2.86e-04,0,2026-04-14 03:47:35
75,0.788073,0.788073,2.80e-04,0,2026-04-14 03:48:04
76,0.786939,0.786939,2.75e-04,0,2026-04-14 03:48:34
77,0.775862,0.775862,2.70e-04,0,2026-04-14 03:49:03
78,0.774527,0.774527,2.65e-04,0,2026-04-14 03:49:33
79,0.772222,0.772222,2.60e-04,0,2026-04-14 03:50:02
80,0.757154,0.757154,2.55e-04,0,2026-04-14 03:50:32
81,0.753619,0.753619,2.50e-04,0,2026-04-14 03:51:02
82,0.740733,0.740733,2.45e-04,0,2026-04-14 03:51:32
83,0.747817,0.740733,2.39e-04,1,2026-04-14 03:52:01
84,0.732737,0.732737,2.34e-04,0,2026-04-14 03:52:31
85,0.737021,0.732737,2.29e-04,1,2026-04-14 03:53:00
86,0.729945,0.729945,2.24e-04,0,2026-04-14 03:53:29
87,0.725861,0.725861,2.19e-04,0,2026-04-14 03:53:59
88,0.732613,0.725861,2.14e-04,1,2026-04-14 03:54:28
89,0.724437,0.724437,2.09e-04,0,2026-04-14 03:54:58
90,0.715765,0.715765,2.04e-04,0,2026-04-14 03:55:27
91,0.706414,0.706414,1.99e-04,0,2026-04-14 03:55:57
92,0.705387,0.705387,1.94e-04,0,2026-04-14 03:56:26
93,0.710983,0.705387,1.89e-04,1,2026-04-14 03:56:56
94,0.699981,0.699981,1.84e-04,0,2026-04-14 03:57:25
95,0.702584,0.699981,1.79e-04,1,2026-04-14 03:57:55
96,0.703115,0.699981,1.75e-04,2,2026-04-14 03:58:24
97,0.704071,0.699981,1.70e-04,3,2026-04-14 03:58:54
98,0.704083,0.699981,1.65e-04,4,2026-04-14 03:59:24
99,0.693610,0.693610,1.60e-04,0,2026-04-14 03:59:54
100,0.690177,0.690177,1.56e-04,0,2026-04-14 04:00:23
101,0.682936,0.682936,1.51e-04,0,2026-04-14 04:00:53
102,0.674554,0.674554,1.47e-04,0,2026-04-14 04:01:22
103,0.680446,0.674554,1.42e-04,1,2026-04-14 04:01:52
104,0.670881,0.670881,1.38e-04,0,2026-04-14 04:02:21
105,0.672668,0.670881,1.34e-04,1,2026-04-14 04:02:51
106,0.668515,0.668515,1.29e-04,0,2026-04-14 04:03:20
107,0.670812,0.668515,1.25e-04,1,2026-04-14 04:03:50
108,0.669484,0.668515,1.21e-04,2,2026-04-14 04:04:20
109,0.661566,0.661566,1.17e-04,0,2026-04-14 04:04:49
110,0.666966,0.661566,1.13e-04,1,2026-04-14 04:05:19
111,0.662995,0.661566,1.09e-04,2,2026-04-14 04:05:49
112,0.660322,0.660322,1.05e-04,0,2026-04-14 04:06:18
113,0.659003,0.659003,1.01e-04,0,2026-04-14 04:06:48
114,0.647910,0.647910,9.73e-05,0,2026-04-14 04:07:17
115,0.654572,0.647910,9.37e-05,1,2026-04-14 04:07:47
116,0.653012,0.647910,9.01e-05,2,2026-04-14 04:08:16
117,0.654620,0.647910,8.66e-05,3,2026-04-14 04:08:46
118,0.641891,0.641891,8.32e-05,0,2026-04-14 04:09:15
119,0.648881,0.641891,7.98e-05,1,2026-04-14 04:09:45
120,0.645987,0.641891,7.66e-05,2,2026-04-14 04:10:14
121,0.645729,0.641891,7.34e-05,3,2026-04-14 04:10:44
122,0.644515,0.641891,7.04e-05,4,2026-04-14 04:11:14
123,0.648339,0.641891,6.74e-05,5,2026-04-14 04:11:43
124,0.650153,0.641891,6.45e-05,6,2026-04-14 04:12:13
125,0.637073,0.637073,6.17e-05,0,2026-04-14 04:12:43
126,0.649556,0.637073,5.90e-05,1,2026-04-14 04:13:13
127,0.637396,0.637073,5.64e-05,2,2026-04-14 04:13:42
128,0.639482,0.637073,5.39e-05,3,2026-04-14 04:14:12
129,0.644715,0.637073,5.15e-05,4,2026-04-14 04:14:41
130,0.639373,0.637073,4.92e-05,5,2026-04-14 04:15:10
131,0.633139,0.633139,4.70e-05,0,2026-04-14 04:15:39
132,0.629796,0.629796,4.48e-05,0,2026-04-14 04:16:09
133,0.637140,0.629796,4.28e-05,1,2026-04-14 04:16:38
134,0.639356,0.629796,4.09e-05,2,2026-04-14 04:17:08
135,0.637751,0.629796,3.91e-05,3,2026-04-14 04:17:37
136,0.638004,0.629796,3.74e-05,4,2026-04-14 04:18:07
137,0.637440,0.629796,3.58e-05,5,2026-04-14 04:18:36
138,0.631159,0.629796,3.44e-05,6,2026-04-14 04:19:06
139,0.627518,0.627518,3.30e-05,0,2026-04-14 04:19:35
140,0.636880,0.627518,3.17e-05,1,2026-04-14 04:20:05
141,0.629231,0.627518,3.06e-05,2,2026-04-14 04:20:34
142,0.630351,0.627518,2.95e-05,3,2026-04-14 04:21:04
143,0.633868,0.627518,2.86e-05,4,2026-04-14 04:21:34
144,0.630863,0.627518,2.77e-05,5,2026-04-14 04:22:03
145,0.629336,0.627518,2.70e-05,6,2026-04-14 04:22:33
146,0.629121,0.627518,2.64e-05,7,2026-04-14 04:23:02
147,0.628776,0.627518,2.59e-05,8,2026-04-14 04:23:32
148,0.637577,0.627518,2.55e-05,9,2026-04-14 04:24:02
149,0.627490,0.627490,2.52e-05,0,2026-04-14 04:24:32
150,0.630700,0.627490,2.51e-05,1,2026-04-14 04:25:02
--- SESSION END | completed normally — all epochs done | stopped at epoch 150 | best_loss=0.627490 | 2026-04-14 04:25:02 ---
--- SESSION START | 2026-04-14 13:34:16 | fresh start ---
1,248.856423,248.856423,1.00e-04,0,2026-04-14 13:35:32
2,210.394364,210.394364,2.00e-04,0,2026-04-14 13:36:38
3,51.926996,51.926996,3.00e-04,0,2026-04-14 13:37:56
4,3.036858,3.036858,4.00e-04,0,2026-04-14 13:39:16
5,2.228579,2.228579,5.00e-04,0,2026-04-14 13:40:26
6,2.101506,2.101506,5.00e-04,0,2026-04-14 13:41:40
7,1.970998,1.970998,5.00e-04,0,2026-04-14 13:42:42
8,1.845878,1.845878,5.00e-04,0,2026-04-14 13:43:41
9,1.729583,1.729583,4.99e-04,0,2026-04-14 13:44:40
10,1.645834,1.645834,4.99e-04,0,2026-04-14 13:45:39
11,1.613133,1.613133,4.99e-04,0,2026-04-14 13:46:42
12,1.565302,1.565302,4.98e-04,0,2026-04-14 13:47:46
13,1.543849,1.543849,4.97e-04,0,2026-04-14 13:48:48
14,1.543251,1.543251,4.96e-04,0,2026-04-14 13:49:47
15,1.531093,1.531093,4.95e-04,0,2026-04-14 13:50:49
16,1.514743,1.514743,4.94e-04,0,2026-04-14 13:51:51
17,1.500917,1.500917,4.93e-04,0,2026-04-14 13:52:51
18,1.508973,1.500917,4.92e-04,1,2026-04-14 13:53:56
19,1.489511,1.489511,4.91e-04,0,2026-04-14 13:54:58
20,1.473913,1.473913,4.89e-04,0,2026-04-14 13:56:00
21,1.447365,1.447365,4.88e-04,0,2026-04-14 13:57:04
22,1.371562,1.371562,4.86e-04,0,2026-04-14 13:58:03
23,1.271014,1.271014,4.84e-04,0,2026-04-14 13:59:06
24,1.170335,1.170335,4.82e-04,0,2026-04-14 14:00:10
25,1.039205,1.039205,4.80e-04,0,2026-04-14 14:01:10
26,0.875147,0.875147,4.78e-04,0,2026-04-14 14:02:12
27,0.756554,0.756554,4.76e-04,0,2026-04-14 14:03:17
28,0.654234,0.654234,4.74e-04,0,2026-04-14 14:04:23
29,0.571515,0.571515,4.71e-04,0,2026-04-14 14:05:22
30,0.499511,0.499511,4.69e-04,0,2026-04-14 14:06:21
31,0.414288,0.414288,4.66e-04,0,2026-04-14 14:07:21
32,0.320906,0.320906,4.63e-04,0,2026-04-14 14:08:23
33,0.284722,0.284722,4.61e-04,0,2026-04-14 14:09:26
34,0.240115,0.240115,4.58e-04,0,2026-04-14 14:10:30
35,0.207330,0.207330,4.55e-04,0,2026-04-14 14:11:31
36,0.187394,0.187394,4.52e-04,0,2026-04-14 14:12:32
37,0.162767,0.162767,4.48e-04,0,2026-04-14 14:13:33
38,0.138732,0.138732,4.45e-04,0,2026-04-14 14:14:37
39,0.090987,0.090987,4.42e-04,0,2026-04-14 14:15:37
40,0.065195,0.065195,4.38e-04,0,2026-04-14 14:16:43
41,0.050659,0.050659,4.35e-04,0,2026-04-14 14:17:42
42,0.048448,0.048448,4.31e-04,0,2026-04-14 14:18:48
43,0.033798,0.033798,4.28e-04,0,2026-04-14 14:19:52
44,0.033152,0.033152,4.24e-04,0,2026-04-14 14:20:55
45,0.023071,0.023071,4.20e-04,0,2026-04-14 14:21:59
46,0.028297,0.023071,4.16e-04,1,2026-04-14 14:23:05
47,0.023372,0.023071,4.12e-04,2,2026-04-14 14:24:07
48,0.016314,0.016314,4.08e-04,0,2026-04-14 14:25:13
49,0.016464,0.016314,4.04e-04,1,2026-04-14 14:26:19
50,0.017291,0.016314,4.00e-04,2,2026-04-14 14:27:20
51,0.021178,0.016314,3.96e-04,3,2026-04-14 14:28:24
52,0.013323,0.013323,3.91e-04,0,2026-04-14 14:29:24
53,0.013224,0.013224,3.87e-04,0,2026-04-14 14:30:25
54,0.011448,0.011448,3.83e-04,0,2026-04-14 14:31:25
55,0.017166,0.011448,3.78e-04,1,2026-04-14 14:32:29
56,0.016186,0.011448,3.74e-04,2,2026-04-14 14:33:35
57,0.019552,0.011448,3.69e-04,3,2026-04-14 14:34:36
58,0.014245,0.011448,3.65e-04,4,2026-04-14 14:35:40
59,0.012280,0.011448,3.60e-04,5,2026-04-14 14:36:40
60,0.010045,0.010045,3.55e-04,0,2026-04-14 14:37:42
61,0.014080,0.010045,3.50e-04,1,2026-04-14 14:38:44
62,0.007755,0.007755,3.46e-04,0,2026-04-14 14:39:48
63,0.008099,0.007755,3.41e-04,1,2026-04-14 14:40:50
64,0.008533,0.007755,3.36e-04,2,2026-04-14 14:41:53
65,0.009073,0.007755,3.31e-04,3,2026-04-14 14:42:54
66,0.007923,0.007755,3.26e-04,4,2026-04-14 14:43:53
67,0.006334,0.006334,3.21e-04,0,2026-04-14 14:44:54
68,0.007104,0.006334,3.16e-04,1,2026-04-14 14:45:56
69,0.009876,0.006334,3.11e-04,2,2026-04-14 14:47:07
70,0.010738,0.006334,3.06e-04,3,2026-04-14 14:48:13
71,0.006093,0.006093,3.01e-04,0,2026-04-14 14:49:13
72,0.005648,0.005648,2.96e-04,0,2026-04-14 14:50:15
73,0.008217,0.005648,2.91e-04,1,2026-04-14 14:51:19
74,0.005815,0.005648,2.86e-04,2,2026-04-14 14:52:23
75,0.006222,0.005648,2.80e-04,3,2026-04-14 14:53:30
76,0.005054,0.005054,2.75e-04,0,2026-04-14 14:55:04
77,0.004903,0.004903,2.70e-04,0,2026-04-14 14:56:11
78,0.004805,0.004805,2.65e-04,0,2026-04-14 14:57:20
--- SESSION END | ctrl+c | stopped at epoch 79 | best_loss=0.004805 | 2026-04-14 14:57:26 ---
--- SESSION START | 2026-04-14 15:15:36 | resuming from epoch 70 ---
71,0.297353,0.006334,3.01e-04,4,2026-04-14 15:16:48
72,0.039080,0.006334,2.96e-04,5,2026-04-14 15:17:55
73,0.017808,0.006334,2.91e-04,6,2026-04-14 15:19:03
74,0.012152,0.006334,2.86e-04,7,2026-04-14 15:20:07
75,0.008494,0.006334,2.80e-04,8,2026-04-14 15:21:08
76,0.009051,0.006334,2.75e-04,9,2026-04-14 15:22:12
77,0.008876,0.006334,2.70e-04,10,2026-04-14 15:23:14
78,0.012766,0.006334,2.65e-04,11,2026-04-14 15:24:18
79,0.006816,0.006334,2.60e-04,12,2026-04-14 15:25:20
80,0.005815,0.005815,2.55e-04,0,2026-04-14 15:26:26
81,0.005630,0.005630,2.50e-04,0,2026-04-14 15:27:31
82,0.005348,0.005348,2.45e-04,0,2026-04-14 15:28:35
83,0.005326,0.005326,2.39e-04,0,2026-04-14 15:29:36
84,0.004941,0.004941,2.34e-04,0,2026-04-14 15:30:38
85,0.007072,0.004941,2.29e-04,1,2026-04-14 15:31:42
86,0.005957,0.004941,2.24e-04,2,2026-04-14 15:32:51
87,0.005004,0.004941,2.19e-04,3,2026-04-14 15:33:57
88,0.004677,0.004677,2.14e-04,0,2026-04-14 15:35:02
89,0.004478,0.004478,2.09e-04,0,2026-04-14 15:36:08
90,0.005468,0.004478,2.04e-04,1,2026-04-14 15:37:15
91,0.004477,0.004477,1.99e-04,0,2026-04-14 15:38:24
--- SESSION END | ctrl+c | stopped at epoch 92 | best_loss=0.004477 | 2026-04-14 15:38:43 ---
--- SESSION START | 2026-04-14 17:00:37 | fresh start ---
1,184.435527,184.435527,1.00e-04,0,2026-04-14 17:01:40
2,136.687134,136.687134,2.00e-04,0,2026-04-14 17:02:40
3,14.669155,14.669155,3.00e-04,0,2026-04-14 17:03:40
4,2.350920,2.350920,4.00e-04,0,2026-04-14 17:04:41
5,2.159376,2.159376,5.00e-04,0,2026-04-14 17:05:42
6,2.086694,2.086694,5.00e-04,0,2026-04-14 17:06:47
7,1.970842,1.970842,5.00e-04,0,2026-04-14 17:07:49
8,1.897478,1.897478,5.00e-04,0,2026-04-14 17:08:51
9,1.827282,1.827282,4.99e-04,0,2026-04-14 17:09:52
10,1.751692,1.751692,4.99e-04,0,2026-04-14 17:10:55
11,1.641976,1.641976,4.99e-04,0,2026-04-14 17:11:58
12,1.509377,1.509377,4.98e-04,0,2026-04-14 17:13:00
13,1.265145,1.265145,4.97e-04,0,2026-04-14 17:14:00
14,0.992792,0.992792,4.96e-04,0,2026-04-14 17:14:59
15,0.802757,0.802757,4.95e-04,0,2026-04-14 17:16:01
16,0.593682,0.593682,4.94e-04,0,2026-04-14 17:17:06
17,0.447212,0.447212,4.93e-04,0,2026-04-14 17:18:08
18,0.334991,0.334991,4.92e-04,0,2026-04-14 17:19:18
19,0.270631,0.270631,4.91e-04,0,2026-04-14 17:20:24
20,0.247673,0.247673,4.89e-04,0,2026-04-14 17:21:24
21,0.215574,0.215574,4.88e-04,0,2026-04-14 17:22:23
22,0.167187,0.167187,4.86e-04,0,2026-04-14 17:23:22
23,0.179366,0.167187,4.84e-04,1,2026-04-14 17:24:22
24,0.165262,0.165262,4.82e-04,0,2026-04-14 17:25:24
25,0.130680,0.130680,4.80e-04,0,2026-04-14 17:26:23
26,0.133473,0.130680,4.78e-04,1,2026-04-14 17:27:24
27,0.128849,0.128849,4.76e-04,0,2026-04-14 17:28:25
28,0.094554,0.094554,4.74e-04,0,2026-04-14 17:29:25
29,0.115088,0.094554,4.71e-04,1,2026-04-14 17:30:28
30,0.093609,0.093609,4.69e-04,0,2026-04-14 17:31:28
31,0.082565,0.082565,4.66e-04,0,2026-04-14 17:32:30
32,0.092546,0.082565,4.63e-04,1,2026-04-14 17:33:33
33,0.077215,0.077215,4.61e-04,0,2026-04-14 17:34:34
34,0.072281,0.072281,4.58e-04,0,2026-04-14 17:35:40
35,0.063805,0.063805,4.55e-04,0,2026-04-14 17:36:45
36,0.058991,0.058991,4.52e-04,0,2026-04-14 17:37:47
37,0.052239,0.052239,4.48e-04,0,2026-04-14 17:38:53
38,0.046641,0.046641,4.45e-04,0,2026-04-14 17:39:59
39,0.046178,0.046178,4.42e-04,0,2026-04-14 17:40:59
40,0.040435,0.040435,4.38e-04,0,2026-04-14 17:42:02
41,0.047871,0.040435,4.35e-04,1,2026-04-14 17:43:04
42,0.040382,0.040382,4.31e-04,0,2026-04-14 17:44:06
43,0.039436,0.039436,4.28e-04,0,2026-04-14 17:45:06
44,0.039608,0.039436,4.24e-04,1,2026-04-14 17:46:08
45,0.033840,0.033840,4.20e-04,0,2026-04-14 17:47:09
46,0.038264,0.033840,4.16e-04,1,2026-04-14 17:48:11
47,0.037325,0.033840,4.12e-04,2,2026-04-14 17:49:13
48,0.038821,0.033840,4.08e-04,3,2026-04-14 17:50:16
49,0.024967,0.024967,4.04e-04,0,2026-04-14 17:51:15
50,0.027818,0.024967,4.00e-04,1,2026-04-14 17:52:17
51,0.026132,0.024967,3.96e-04,2,2026-04-14 17:53:19
52,0.023108,0.023108,3.91e-04,0,2026-04-14 17:54:22
53,0.021544,0.021544,3.87e-04,0,2026-04-14 17:55:24
54,0.018803,0.018803,3.83e-04,0,2026-04-14 17:56:27
55,0.017766,0.017766,3.78e-04,0,2026-04-14 17:57:27
56,0.036194,0.017766,3.74e-04,1,2026-04-14 17:58:28
57,0.033223,0.017766,3.69e-04,2,2026-04-14 17:59:29
58,0.017833,0.017766,3.65e-04,3,2026-04-14 18:00:31
59,0.032515,0.017766,3.60e-04,4,2026-04-14 18:01:31
60,0.020244,0.017766,3.55e-04,5,2026-04-14 18:02:30
61,0.015726,0.015726,3.50e-04,0,2026-04-14 18:03:29
62,0.025701,0.015726,3.46e-04,1,2026-04-14 18:04:30
63,0.018919,0.015726,3.41e-04,2,2026-04-14 18:05:30
64,0.018408,0.015726,3.36e-04,3,2026-04-14 18:06:34
65,0.012324,0.012324,3.31e-04,0,2026-04-14 18:07:36
66,0.016805,0.012324,3.26e-04,1,2026-04-14 18:08:39
67,0.016387,0.012324,3.21e-04,2,2026-04-14 18:09:38
68,0.017863,0.012324,3.16e-04,3,2026-04-14 18:10:40
69,0.012298,0.012298,3.11e-04,0,2026-04-14 18:11:39
70,0.011249,0.011249,3.06e-04,0,2026-04-14 18:12:41
71,0.012372,0.011249,3.01e-04,1,2026-04-14 18:13:41
72,0.009774,0.009774,2.96e-04,0,2026-04-14 18:14:44
73,0.013220,0.009774,2.91e-04,1,2026-04-14 18:15:48
74,0.017392,0.009774,2.86e-04,2,2026-04-14 18:16:51
75,0.009787,0.009774,2.80e-04,3,2026-04-14 18:17:49
76,0.021046,0.009774,2.75e-04,4,2026-04-14 18:18:50
77,0.029468,0.009774,2.70e-04,5,2026-04-14 18:19:51
78,0.012299,0.009774,2.65e-04,6,2026-04-14 18:20:56
79,0.015638,0.009774,2.60e-04,7,2026-04-14 18:22:08
80,0.006591,0.006591,2.55e-04,0,2026-04-14 18:23:09
81,0.011059,0.006591,2.50e-04,1,2026-04-14 18:24:14
82,0.010278,0.006591,2.45e-04,2,2026-04-14 18:25:17
83,0.008382,0.006591,2.39e-04,3,2026-04-14 18:26:20
84,0.007692,0.006591,2.34e-04,4,2026-04-14 18:27:19
85,0.006055,0.006055,2.29e-04,0,2026-04-14 18:28:23
86,0.004837,0.004837,2.24e-04,0,2026-04-14 18:29:26
87,0.004568,0.004568,2.19e-04,0,2026-04-14 18:30:28
88,0.004020,0.004020,2.14e-04,0,2026-04-14 18:31:29
89,0.008756,0.004020,2.09e-04,1,2026-04-14 18:32:28
90,0.005284,0.004020,2.04e-04,2,2026-04-14 18:33:26
91,0.005252,0.004020,1.99e-04,3,2026-04-14 18:34:28
92,0.005478,0.004020,1.94e-04,4,2026-04-14 18:35:29
93,0.006454,0.004020,1.89e-04,5,2026-04-14 18:36:30
94,0.004934,0.004020,1.84e-04,6,2026-04-14 18:37:30
95,0.003968,0.003968,1.79e-04,0,2026-04-14 18:38:34
96,0.004314,0.003968,1.75e-04,1,2026-04-14 18:39:34
97,0.003676,0.003676,1.70e-04,0,2026-04-14 18:40:35
98,0.006226,0.003676,1.65e-04,1,2026-04-14 18:41:38
99,0.005338,0.003676,1.60e-04,2,2026-04-14 18:42:42
100,0.012560,0.003676,1.56e-04,3,2026-04-14 18:43:42
101,0.010311,0.003676,1.51e-04,4,2026-04-14 18:44:45
102,0.006396,0.003676,1.47e-04,5,2026-04-14 18:45:44
103,0.005497,0.003676,1.42e-04,6,2026-04-14 18:46:45
104,0.004156,0.003676,1.38e-04,7,2026-04-14 18:47:47
105,0.002990,0.002990,1.34e-04,0,2026-04-14 18:48:50
106,0.002854,0.002854,1.29e-04,0,2026-04-14 18:49:53
107,0.004736,0.002854,1.25e-04,1,2026-04-14 18:50:55
108,0.002903,0.002854,1.21e-04,2,2026-04-14 18:51:57
109,0.002947,0.002854,1.17e-04,3,2026-04-14 18:52:58
110,0.003482,0.002854,1.13e-04,4,2026-04-14 18:54:01
111,0.002811,0.002811,1.09e-04,0,2026-04-14 18:55:07
112,0.004059,0.002811,1.05e-04,1,2026-04-14 18:56:12
113,0.003676,0.002811,1.01e-04,2,2026-04-14 18:57:09
114,0.003168,0.002811,9.73e-05,3,2026-04-14 18:58:10
115,0.002652,0.002652,9.37e-05,0,2026-04-14 18:59:15
116,0.007698,0.002652,9.01e-05,1,2026-04-14 19:00:15
117,0.004300,0.002652,8.66e-05,2,2026-04-14 19:01:16
118,0.007016,0.002652,8.32e-05,3,2026-04-14 19:02:18
119,0.006852,0.002652,7.98e-05,4,2026-04-14 19:03:19
120,0.003501,0.002652,7.66e-05,5,2026-04-14 19:04:22
121,0.005185,0.002652,7.34e-05,6,2026-04-14 19:05:20
122,0.002821,0.002652,7.04e-05,7,2026-04-14 19:06:23
123,0.003950,0.002652,6.74e-05,8,2026-04-14 19:07:24
124,0.002664,0.002652,6.45e-05,9,2026-04-14 19:08:26
125,0.002931,0.002652,6.17e-05,10,2026-04-14 19:09:30
126,0.003447,0.002652,5.90e-05,11,2026-04-14 19:10:28
127,0.002809,0.002652,5.64e-05,12,2026-04-14 19:11:31
128,0.002213,0.002213,5.39e-05,0,2026-04-14 19:12:34
129,0.004283,0.002213,5.15e-05,1,2026-04-14 19:13:39
130,0.002308,0.002213,4.92e-05,2,2026-04-14 19:14:38
131,0.003078,0.002213,4.70e-05,3,2026-04-14 19:15:38
132,0.002662,0.002213,4.48e-05,4,2026-04-14 19:16:41
133,0.003243,0.002213,4.28e-05,5,2026-04-14 19:17:44
134,0.002408,0.002213,4.09e-05,6,2026-04-14 19:18:44
135,0.003077,0.002213,3.91e-05,7,2026-04-14 19:19:47
136,0.003037,0.002213,3.74e-05,8,2026-04-14 19:20:47
137,0.003095,0.002213,3.58e-05,9,2026-04-14 19:21:50
138,0.002133,0.002133,3.44e-05,0,2026-04-14 19:22:50
139,0.002795,0.002133,3.30e-05,1,2026-04-14 19:23:51
140,0.004334,0.002133,3.17e-05,2,2026-04-14 19:24:50
141,0.002071,0.002071,3.06e-05,0,2026-04-14 19:25:52
142,0.003415,0.002071,2.95e-05,1,2026-04-14 19:26:53
143,0.002746,0.002071,2.86e-05,2,2026-04-14 19:27:59
144,0.004815,0.002071,2.77e-05,3,2026-04-14 19:29:01
145,0.001955,0.001955,2.70e-05,0,2026-04-14 19:30:03
146,0.002210,0.001955,2.64e-05,1,2026-04-14 19:31:03
147,0.003934,0.001955,2.59e-05,2,2026-04-14 19:32:05
148,0.003962,0.001955,2.55e-05,3,2026-04-14 19:33:05
149,0.002812,0.001955,2.52e-05,4,2026-04-14 19:34:09
150,0.002413,0.001955,2.51e-05,5,2026-04-14 19:35:15
--- SESSION END | completed normally — all epochs done | stopped at epoch 150 | best_loss=0.001955 | 2026-04-14 19:35:15 ---
--- SESSION START | 2026-04-14 20:32:14 | fresh start ---
1,174.874798,174.874798,1.00e-04,0,2026-04-14 20:33:26
2,118.946251,118.946251,2.00e-04,0,2026-04-14 20:34:26
3,8.640550,8.640550,3.00e-04,0,2026-04-14 20:35:30
4,2.363341,2.363341,4.00e-04,0,2026-04-14 20:36:32
5,2.162544,2.162544,5.00e-04,0,2026-04-14 20:37:35
6,2.132804,2.132804,5.00e-04,0,2026-04-14 20:38:38
7,2.121795,2.121795,5.00e-04,0,2026-04-14 20:39:38
8,2.113357,2.113357,5.00e-04,0,2026-04-14 20:40:44
9,2.106069,2.106069,4.99e-04,0,2026-04-14 20:41:44
10,2.094424,2.094424,4.99e-04,0,2026-04-14 20:42:52
11,2.069192,2.069192,4.99e-04,0,2026-04-14 20:43:53
12,1.998893,1.998893,4.98e-04,0,2026-04-14 20:44:53
13,1.838512,1.838512,4.97e-04,0,2026-04-14 20:45:54
14,1.590567,1.590567,4.96e-04,0,2026-04-14 20:46:57
15,1.351076,1.351076,4.95e-04,0,2026-04-14 20:47:56
16,1.225827,1.225827,4.94e-04,0,2026-04-14 20:48:57
17,1.173621,1.173621,4.93e-04,0,2026-04-14 20:49:59
18,1.132610,1.132610,4.92e-04,0,2026-04-14 20:51:02
19,1.087406,1.087406,4.91e-04,0,2026-04-14 20:52:06
20,1.012088,1.012088,4.89e-04,0,2026-04-14 20:53:06
21,0.922293,0.922293,4.88e-04,0,2026-04-14 20:54:15
22,0.837286,0.837286,4.86e-04,0,2026-04-14 20:55:21
23,0.789223,0.789223,4.84e-04,0,2026-04-14 20:56:25
24,0.737821,0.737821,4.82e-04,0,2026-04-14 20:57:28
25,0.690025,0.690025,4.80e-04,0,2026-04-14 20:58:28
26,0.649849,0.649849,4.78e-04,0,2026-04-14 20:59:37
--- SESSION END | ctrl+c | stopped at epoch 27 | best_loss=0.649849 | 2026-04-14 21:00:16 ---
--- SESSION START | 2026-04-14 21:00:30 | resuming from epoch 20 ---
21,0.914415,0.914415,4.88e-04,0,2026-04-14 21:01:53
22,0.833168,0.833168,4.86e-04,0,2026-04-14 21:02:57
23,0.770151,0.770151,4.84e-04,0,2026-04-14 21:04:09
24,0.741509,0.741509,4.82e-04,0,2026-04-14 21:05:10
25,0.683824,0.683824,4.80e-04,0,2026-04-14 21:06:07
26,0.647297,0.647297,4.78e-04,0,2026-04-14 21:07:08
27,0.626851,0.626851,4.76e-04,0,2026-04-14 21:08:11
28,0.614380,0.614380,4.74e-04,0,2026-04-14 21:09:18
29,0.591049,0.591049,4.71e-04,0,2026-04-14 21:10:30
30,0.583928,0.583928,4.69e-04,0,2026-04-14 21:11:35
31,0.566793,0.566793,4.66e-04,0,2026-04-14 21:12:36
32,0.552137,0.552137,4.63e-04,0,2026-04-14 21:13:36
33,0.595571,0.552137,4.61e-04,1,2026-04-14 21:14:45
34,0.551765,0.551765,4.58e-04,0,2026-04-14 21:15:57
35,0.534629,0.534629,4.55e-04,0,2026-04-14 21:17:08
36,0.552615,0.534629,4.52e-04,1,2026-04-14 21:18:07
37,0.533892,0.533892,4.48e-04,0,2026-04-14 21:19:07
38,0.524546,0.524546,4.45e-04,0,2026-04-14 21:20:10
39,0.518197,0.518197,4.42e-04,0,2026-04-14 21:21:09
40,0.536133,0.518197,4.38e-04,1,2026-04-14 21:22:06
41,0.520004,0.518197,4.35e-04,2,2026-04-14 21:23:05
42,0.503733,0.503733,4.31e-04,0,2026-04-14 21:24:25
43,0.507492,0.503733,4.28e-04,1,2026-04-14 21:25:37
44,0.502313,0.502313,4.24e-04,0,2026-04-14 21:26:36
45,0.476321,0.476321,4.20e-04,0,2026-04-14 21:27:32
46,0.416056,0.416056,4.16e-04,0,2026-04-14 21:28:33
47,0.322574,0.322574,4.12e-04,0,2026-04-14 21:29:32
48,0.319201,0.319201,4.08e-04,0,2026-04-14 21:30:35
49,0.251976,0.251976,4.04e-04,0,2026-04-14 21:31:35
50,0.203594,0.203594,4.00e-04,0,2026-04-14 21:32:37
51,0.173764,0.173764,3.96e-04,0,2026-04-14 21:33:40
52,0.153566,0.153566,3.91e-04,0,2026-04-14 21:34:40
53,0.147044,0.147044,3.87e-04,0,2026-04-14 21:35:45
54,0.139232,0.139232,3.83e-04,0,2026-04-14 21:36:49
55,0.135180,0.135180,3.78e-04,0,2026-04-14 21:37:49
56,0.109884,0.109884,3.74e-04,0,2026-04-14 21:38:51
57,0.133919,0.109884,3.69e-04,1,2026-04-14 21:39:54
58,0.106847,0.106847,3.65e-04,0,2026-04-14 21:41:00
59,0.096549,0.096549,3.60e-04,0,2026-04-14 21:42:02
60,0.118827,0.096549,3.55e-04,1,2026-04-14 21:43:06
61,0.079929,0.079929,3.50e-04,0,2026-04-14 21:44:05
62,0.074973,0.074973,3.46e-04,0,2026-04-14 21:45:04
63,0.093784,0.074973,3.41e-04,1,2026-04-14 21:46:07
64,0.066369,0.066369,3.36e-04,0,2026-04-14 21:47:07
65,0.061957,0.061957,3.31e-04,0,2026-04-14 21:48:06
66,0.067722,0.061957,3.26e-04,1,2026-04-14 21:49:07
67,0.083228,0.061957,3.21e-04,2,2026-04-14 21:50:09
68,0.066826,0.061957,3.16e-04,3,2026-04-14 21:51:06
69,0.051588,0.051588,3.11e-04,0,2026-04-14 21:52:05
70,0.057473,0.051588,3.06e-04,1,2026-04-14 21:53:04
71,0.064403,0.051588,3.01e-04,2,2026-04-14 21:54:07
72,0.052701,0.051588,2.96e-04,3,2026-04-14 21:55:06
73,0.046652,0.046652,2.91e-04,0,2026-04-14 21:56:09
74,0.052331,0.046652,2.86e-04,1,2026-04-14 21:57:11
75,0.037540,0.037540,2.80e-04,0,2026-04-14 21:58:11
76,0.036651,0.036651,2.75e-04,0,2026-04-14 21:59:10
77,0.036061,0.036061,2.70e-04,0,2026-04-14 22:00:12
78,0.039897,0.036061,2.65e-04,1,2026-04-14 22:01:11
79,0.047346,0.036061,2.60e-04,2,2026-04-14 22:02:09
80,0.035836,0.035836,2.55e-04,0,2026-04-14 22:03:09
81,0.038183,0.035836,2.50e-04,1,2026-04-14 22:04:07
82,0.048693,0.035836,2.45e-04,2,2026-04-14 22:05:07
83,0.050560,0.035836,2.39e-04,3,2026-04-14 22:06:12
84,0.045865,0.035836,2.34e-04,4,2026-04-14 22:07:14
85,0.039444,0.035836,2.29e-04,5,2026-04-14 22:08:15
86,0.029029,0.029029,2.24e-04,0,2026-04-14 22:09:21
87,0.032286,0.029029,2.19e-04,1,2026-04-14 22:10:21
88,0.031094,0.029029,2.14e-04,2,2026-04-14 22:11:21
89,0.029431,0.029029,2.09e-04,3,2026-04-14 22:12:20
90,0.028939,0.028939,2.04e-04,0,2026-04-14 22:13:20
91,0.031390,0.028939,1.99e-04,1,2026-04-14 22:14:20
92,0.031232,0.028939,1.94e-04,2,2026-04-14 22:15:20
93,0.029750,0.028939,1.89e-04,3,2026-04-14 22:16:19
94,0.031858,0.028939,1.84e-04,4,2026-04-14 22:17:20
95,0.028312,0.028312,1.79e-04,0,2026-04-14 22:18:21
96,0.032906,0.028312,1.75e-04,1,2026-04-14 22:19:20
97,0.025262,0.025262,1.70e-04,0,2026-04-14 22:20:21
98,0.024777,0.024777,1.65e-04,0,2026-04-14 22:21:25
99,0.024310,0.024310,1.60e-04,0,2026-04-14 22:22:25
100,0.021390,0.021390,1.56e-04,0,2026-04-14 22:23:26
101,0.025370,0.021390,1.51e-04,1,2026-04-14 22:24:27
102,0.024223,0.021390,1.47e-04,2,2026-04-14 22:25:26
103,0.026158,0.021390,1.42e-04,3,2026-04-14 22:26:29
104,0.027947,0.021390,1.38e-04,4,2026-04-14 22:27:28
105,0.025670,0.021390,1.34e-04,5,2026-04-14 22:28:27
106,0.022759,0.021390,1.29e-04,6,2026-04-14 22:29:30
107,0.014806,0.014806,1.25e-04,0,2026-04-14 22:30:29
108,0.022620,0.014806,1.21e-04,1,2026-04-14 22:31:29
109,0.020916,0.014806,1.17e-04,2,2026-04-14 22:32:28
110,0.021873,0.014806,1.13e-04,3,2026-04-14 22:33:31
111,0.016424,0.014806,1.09e-04,4,2026-04-14 22:34:33
112,0.020566,0.014806,1.05e-04,5,2026-04-14 22:35:32
113,0.018309,0.014806,1.01e-04,6,2026-04-14 22:36:31
114,0.016978,0.014806,9.73e-05,7,2026-04-14 22:37:32
115,0.018873,0.014806,9.37e-05,8,2026-04-14 22:38:32
116,0.013924,0.013924,9.01e-05,0,2026-04-14 22:39:32
117,0.013275,0.013275,8.66e-05,0,2026-04-14 22:40:35
118,0.020962,0.013275,8.32e-05,1,2026-04-14 22:41:38
119,0.013721,0.013275,7.98e-05,2,2026-04-14 22:42:41
120,0.017880,0.013275,7.66e-05,3,2026-04-14 22:43:42
121,0.020152,0.013275,7.34e-05,4,2026-04-14 22:44:45
122,0.011573,0.011573,7.04e-05,0,2026-04-14 22:45:45
123,0.014213,0.011573,6.74e-05,1,2026-04-14 22:46:46
124,0.017840,0.011573,6.45e-05,2,2026-04-14 22:47:49
125,0.017500,0.011573,6.17e-05,3,2026-04-14 22:48:51
126,0.018199,0.011573,5.90e-05,4,2026-04-14 22:49:52
127,0.019224,0.011573,5.64e-05,5,2026-04-14 22:50:54
128,0.013532,0.011573,5.39e-05,6,2026-04-14 22:51:57
129,0.016443,0.011573,5.15e-05,7,2026-04-14 22:52:56
130,0.015960,0.011573,4.92e-05,8,2026-04-14 22:53:54
131,0.014748,0.011573,4.70e-05,9,2026-04-14 22:54:57
132,0.010430,0.010430,4.48e-05,0,2026-04-14 22:55:59
133,0.016360,0.010430,4.28e-05,1,2026-04-14 22:56:59
134,0.013772,0.010430,4.09e-05,2,2026-04-14 22:58:00
135,0.014593,0.010430,3.91e-05,3,2026-04-14 22:59:02
136,0.021637,0.010430,3.74e-05,4,2026-04-14 23:00:02
137,0.013324,0.010430,3.58e-05,5,2026-04-14 23:01:04
138,0.009479,0.009479,3.44e-05,0,2026-04-14 23:02:06
139,0.017970,0.009479,3.30e-05,1,2026-04-14 23:03:09
140,0.014140,0.009479,3.17e-05,2,2026-04-14 23:04:10
141,0.014847,0.009479,3.06e-05,3,2026-04-14 23:05:11
142,0.014139,0.009479,2.95e-05,4,2026-04-14 23:06:10
143,0.013376,0.009479,2.86e-05,5,2026-04-14 23:07:12
144,0.011269,0.009479,2.77e-05,6,2026-04-14 23:08:13
145,0.012725,0.009479,2.70e-05,7,2026-04-14 23:09:19
146,0.009291,0.009291,2.64e-05,0,2026-04-14 23:10:17
147,0.013480,0.009291,2.59e-05,1,2026-04-14 23:11:18
148,0.010900,0.009291,2.55e-05,2,2026-04-14 23:12:17
149,0.012963,0.009291,2.52e-05,3,2026-04-14 23:13:16
150,0.012036,0.009291,2.51e-05,4,2026-04-14 23:14:16
--- SESSION END | completed normally — all epochs done | stopped at epoch 150 | best_loss=0.009291 | 2026-04-14 23:14:16 ---
--- SESSION START | 2026-04-21 20:37:49 | fresh start ---
1,120.424903,42.151828,42.151828,1.00e-04,0,2026-04-21 20:41:02
2,5.961981,2.803379,2.803379,2.00e-04,0,2026-04-21 20:43:53
3,2.751847,2.681481,2.681481,3.00e-04,0,2026-04-21 20:46:52
--- SESSION END | ctrl+c | stopped at epoch 4 | best_loss=2.681481 | 2026-04-21 20:48:18 ---
--- SESSION START | 2026-04-21 20:50:53 | fresh start ---
1,138.178331,94.780375,94.780375,1.00e-04,0,2026-04-21 20:53:30
2,18.657194,2.840582,2.840582,2.00e-04,0,2026-04-21 20:55:57
3,2.803083,2.775720,2.775720,3.00e-04,0,2026-04-21 20:58:19
4,2.698145,2.572748,2.572748,4.00e-04,0,2026-04-21 21:00:40
5,2.375571,2.127251,2.127251,5.00e-04,0,2026-04-21 21:03:11
6,1.951344,1.711900,1.711900,5.00e-04,0,2026-04-21 21:05:36
7,1.467896,1.124432,1.124432,5.00e-04,0,2026-04-21 21:07:57
8,1.032167,0.845757,0.845757,5.00e-04,0,2026-04-21 21:10:28
9,0.788090,0.593142,0.593142,4.99e-04,0,2026-04-21 21:13:03
10,0.558158,0.446920,0.446920,4.99e-04,0,2026-04-21 21:15:53
--- SESSION END | ctrl+c | stopped at epoch 11 | best_loss=0.446920 | 2026-04-21 21:15:57 ---
--- SESSION START | 2026-04-21 21:18:32 | resuming from epoch 10 ---
11,0.430616,0.313160,0.313160,4.99e-04,0,2026-04-21 21:21:27
12,0.299376,0.223970,0.223970,4.98e-04,0,2026-04-21 21:23:45
13,0.246635,0.174384,0.174384,4.97e-04,0,2026-04-21 21:26:11
14,0.202829,0.136104,0.136104,4.96e-04,0,2026-04-21 21:28:32
15,0.180468,0.152687,0.136104,4.95e-04,1,2026-04-21 21:31:02
16,0.158573,0.114751,0.114751,4.94e-04,0,2026-04-21 21:33:25
17,0.132280,0.095035,0.095035,4.93e-04,0,2026-04-21 21:35:45
18,0.130454,0.090463,0.090463,4.92e-04,0,2026-04-21 21:38:11
19,0.116022,0.081511,0.081511,4.91e-04,0,2026-04-21 21:40:37
20,0.105056,0.079386,0.079386,4.89e-04,0,2026-04-21 21:43:00
21,0.092016,0.083009,0.079386,4.88e-04,1,2026-04-21 21:45:24
22,0.077497,0.060266,0.060266,4.86e-04,0,2026-04-21 21:47:55
23,0.078052,0.066664,0.060266,4.84e-04,1,2026-04-21 21:50:20
24,0.069254,0.053343,0.053343,4.82e-04,0,2026-04-21 21:52:42
25,0.066265,0.066327,0.053343,4.80e-04,1,2026-04-21 21:55:16
26,0.070623,0.068201,0.053343,4.78e-04,2,2026-04-21 21:57:34
27,0.059346,0.062893,0.053343,4.76e-04,3,2026-04-21 21:59:59
28,0.057978,0.060230,0.053343,4.74e-04,4,2026-04-21 22:02:25
29,0.054939,0.044653,0.044653,4.71e-04,0,2026-04-21 22:04:53
30,0.052161,0.042750,0.042750,4.69e-04,0,2026-04-21 22:07:16
31,0.057234,0.044999,0.042750,4.66e-04,1,2026-04-21 22:09:34
32,0.045194,0.048960,0.042750,4.63e-04,2,2026-04-21 22:12:03
33,0.044492,0.066392,0.042750,4.61e-04,3,2026-04-21 22:14:27
34,0.059641,0.035633,0.035633,4.58e-04,0,2026-04-21 22:16:52
35,0.047508,0.053789,0.035633,4.55e-04,1,2026-04-21 22:19:16
36,0.048130,0.040246,0.035633,4.52e-04,2,2026-04-21 22:21:42
37,0.037984,0.040858,0.035633,4.48e-04,3,2026-04-21 22:24:10
38,0.038973,0.032066,0.032066,4.45e-04,0,2026-04-21 22:26:34
39,0.036475,0.050501,0.032066,4.42e-04,1,2026-04-21 22:28:52
40,0.042389,0.041941,0.032066,4.38e-04,2,2026-04-21 22:31:18
41,0.030836,0.036154,0.032066,4.35e-04,3,2026-04-21 22:33:41
42,0.033464,0.040492,0.032066,4.31e-04,4,2026-04-21 22:36:19
43,0.027798,0.038755,0.032066,4.28e-04,5,2026-04-21 22:38:46
44,0.032815,0.055452,0.032066,4.24e-04,6,2026-04-21 22:41:13
45,0.033057,0.033211,0.032066,4.20e-04,7,2026-04-21 22:43:32
46,0.030377,0.064792,0.032066,4.16e-04,8,2026-04-21 22:45:57
47,0.034791,0.043367,0.032066,4.12e-04,9,2026-04-21 22:48:23
48,0.035646,0.033722,0.032066,4.08e-04,10,2026-04-21 22:50:51
49,0.028903,0.030711,0.030711,4.04e-04,0,2026-04-21 22:53:16
50,0.027596,0.030191,0.030191,4.00e-04,0,2026-04-21 22:55:49
51,0.024457,0.039154,0.030191,3.96e-04,1,2026-04-21 22:58:17
52,0.027922,0.032688,0.030191,3.91e-04,2,2026-04-21 23:00:42
53,0.023793,0.031944,0.030191,3.87e-04,3,2026-04-21 23:03:07
54,0.022197,0.033139,0.030191,3.83e-04,4,2026-04-21 23:05:34
55,0.027427,0.033397,0.030191,3.78e-04,5,2026-04-21 23:08:00
56,0.022929,0.041841,0.030191,3.74e-04,6,2026-04-21 23:10:23
57,0.019305,0.041383,0.030191,3.69e-04,7,2026-04-21 23:12:50
58,0.026206,0.037540,0.030191,3.65e-04,8,2026-04-21 23:15:22
59,0.024034,0.037247,0.030191,3.60e-04,9,2026-04-21 23:17:58
60,0.024452,0.046944,0.030191,3.55e-04,10,2026-04-21 23:20:26
61,0.023883,0.034213,0.030191,3.50e-04,11,2026-04-21 23:22:58
62,0.021273,0.026789,0.026789,3.46e-04,0,2026-04-21 23:25:45
--- SESSION END | ctrl+c | stopped at epoch 63 | best_loss=0.026789 | 2026-04-21 23:25:50 ---
--- SESSION START | 2026-04-21 23:35:42 | resuming from epoch 60 ---
--- SESSION KILLED | detected 2026-04-21 18:07:18 ---
--- SESSION START | 2026-04-21 18:07:18 | resuming from epoch 60 ---
--- SESSION KILLED | detected 2026-04-21 18:08:01 ---
--- SESSION START | 2026-04-21 18:08:01 | fresh start ---
--- SESSION END | ctrl+c | stopped at epoch 61 | best_loss=0.030191 | 2026-04-21 23:39:15 ---
--- SESSION START | 2026-04-21 18:10:12 | resuming from epoch 60 ---
1,77.259032,148.328149,148.328149,1.00e-04,0,2026-04-21 18:10:16
--- SESSION START | 2026-04-21 18:11:25 | fresh start ---
--- SESSION KILLED | detected 2026-04-21 18:11:54 ---
--- SESSION START | 2026-04-21 18:11:54 | fresh start ---
1,81.260224,152.555297,152.555297,1.00e-04,0,2026-04-21 18:18:05
--- SESSION START | 2026-04-21 18:22:24 | fresh start ---
1,72.194129,145.020502,145.020502,1.00e-04,0,2026-04-21 18:27:52
--- SESSION END | completed normally — all epochs done | stopped at epoch 1 | best_loss=145.020502 | 2026-04-21 18:27:52 ---
--- SESSION START | 2026-04-21 18:28:04 | fresh start ---
1,83.708022,152.475540,152.475540,1.00e-04,0,2026-04-21 18:29:49
--- SESSION END | completed normally — all epochs done | stopped at epoch 1 | best_loss=152.475540 | 2026-04-21 18:29:49 ---
--- SESSION START | 2026-04-21 18:30:52 | fresh start ---
1,74.973997,146.542516,146.542516,1.00e-04,0,2026-04-21 18:32:38
--- SESSION START | 2026-04-21 18:35:49 | fresh start ---
1,74.753245,148.812380,148.812380,1.00e-04,0,2026-04-21 18:37:33
2,2.952483,148.812380,148.812380,2.00e-04,1,2026-04-21 18:39:09
3,2.839526,129.149994,129.149994,3.00e-04,0,2026-04-21 18:40:53
4,2.811715,129.149994,129.149994,4.00e-04,1,2026-04-21 18:42:34
5,2.793199,129.149994,129.149994,5.00e-04,2,2026-04-21 18:44:16
6,2.774995,72.207009,72.207009,5.00e-04,0,2026-04-21 18:46:04
7,2.734445,72.207009,72.207009,5.00e-04,1,2026-04-21 18:47:45
8,2.647765,72.207009,72.207009,5.00e-04,2,2026-04-21 18:49:27
9,2.495403,20.885893,20.885893,4.99e-04,0,2026-04-21 18:51:15
10,2.281178,20.885893,20.885893,4.99e-04,1,2026-04-21 18:52:55
11,2.090492,20.885893,20.885893,4.99e-04,2,2026-04-21 18:54:36
12,1.934785,3.383062,3.383062,4.98e-04,0,2026-04-21 18:56:22
13,1.745755,3.383062,3.383062,4.97e-04,1,2026-04-21 18:58:01
14,1.617050,3.383062,3.383062,4.96e-04,2,2026-04-21 18:59:44
15,1.485696,2.546295,2.546295,4.95e-04,0,2026-04-21 19:01:31
16,1.332596,2.546295,2.546295,4.94e-04,1,2026-04-21 19:03:14
17,1.120785,2.546295,2.546295,4.93e-04,2,2026-04-21 19:04:56
18,0.938556,2.030238,2.030238,4.92e-04,0,2026-04-21 19:06:44
19,0.784469,2.030238,2.030238,4.91e-04,1,2026-04-21 19:08:26
20,0.647255,2.030238,2.030238,4.89e-04,2,2026-04-21 19:10:08
21,0.523755,1.526138,1.526138,4.88e-04,0,2026-04-21 19:11:57
22,0.444568,1.526138,1.526138,4.86e-04,1,2026-04-21 19:13:39
23,0.404644,1.526138,1.526138,4.84e-04,2,2026-04-21 19:15:21
24,0.317289,1.226248,1.226248,4.82e-04,0,2026-04-21 19:17:10
25,0.276163,1.226248,1.226248,4.80e-04,1,2026-04-21 19:18:55
26,0.230881,1.226248,1.226248,4.78e-04,2,2026-04-21 19:20:38
27,0.221591,0.767725,0.767725,4.76e-04,0,2026-04-21 19:22:25
28,0.190156,0.767725,0.767725,4.74e-04,1,2026-04-21 19:24:09
29,0.181396,0.767725,0.767725,4.71e-04,2,2026-04-21 19:25:53
30,0.163893,0.416481,0.416481,4.69e-04,0,2026-04-21 19:27:43
31,0.136160,0.416481,0.416481,4.66e-04,1,2026-04-21 19:29:26
32,0.134790,0.416481,0.416481,4.63e-04,2,2026-04-21 19:31:08
33,0.113036,0.224357,0.224357,4.61e-04,0,2026-04-21 19:32:57
34,0.103224,0.224357,0.224357,4.58e-04,1,2026-04-21 19:34:40
35,0.100209,0.224357,0.224357,4.55e-04,2,2026-04-21 19:36:23
36,0.087153,0.159094,0.159094,4.52e-04,0,2026-04-21 19:38:13
37,0.075324,0.159094,0.159094,4.48e-04,1,2026-04-21 19:39:56
38,0.076760,0.159094,0.159094,4.45e-04,2,2026-04-21 19:41:40
39,0.069756,0.108746,0.108746,4.42e-04,0,2026-04-21 19:43:28
40,0.064761,0.108746,0.108746,4.38e-04,1,2026-04-21 19:45:10
41,0.069262,0.108746,0.108746,4.35e-04,2,2026-04-21 19:46:54
42,0.066476,0.080910,0.080910,4.31e-04,0,2026-04-21 19:48:41
43,0.067048,0.080910,0.080910,4.28e-04,1,2026-04-21 19:50:24
44,0.053246,0.080910,0.080910,4.24e-04,2,2026-04-21 19:52:07
45,0.052949,0.079115,0.079115,4.20e-04,0,2026-04-21 19:53:58
46,0.057677,0.079115,0.079115,4.16e-04,1,2026-04-21 19:55:41
47,0.042030,0.079115,0.079115,4.12e-04,2,2026-04-21 19:57:25
48,0.050638,0.069204,0.069204,4.08e-04,0,2026-04-21 19:59:14
49,0.047473,0.069204,0.069204,4.04e-04,1,2026-04-21 20:00:57
50,0.052505,0.069204,0.069204,4.00e-04,2,2026-04-21 20:02:38
51,0.037364,0.061236,0.061236,3.96e-04,0,2026-04-21 20:04:26
52,0.032813,0.061236,0.061236,3.91e-04,1,2026-04-21 20:06:06
53,0.037807,0.061236,0.061236,3.87e-04,2,2026-04-21 20:07:47
54,0.032203,0.041767,0.041767,3.83e-04,0,2026-04-21 20:09:32
55,0.052824,0.041767,0.041767,3.78e-04,1,2026-04-21 20:11:13
56,0.034206,0.041767,0.041767,3.74e-04,2,2026-04-21 20:12:54
57,0.037279,0.044988,0.041767,3.69e-04,3,2026-04-21 20:14:41
58,0.040199,0.041767,0.041767,3.65e-04,4,2026-04-21 20:16:22
59,0.031996,0.041767,0.041767,3.60e-04,5,2026-04-21 20:18:02
60,0.030858,0.037772,0.037772,3.55e-04,0,2026-04-21 20:19:49
61,0.022847,0.037772,0.037772,3.50e-04,1,2026-04-21 20:21:30
62,0.023226,0.037772,0.037772,3.46e-04,2,2026-04-21 20:23:10
63,0.026286,0.038945,0.037772,3.41e-04,3,2026-04-21 20:24:57
64,0.026184,0.037772,0.037772,3.36e-04,4,2026-04-21 20:26:38
65,0.025107,0.037772,0.037772,3.31e-04,5,2026-04-21 20:28:20
66,0.026266,0.030809,0.030809,3.26e-04,0,2026-04-21 20:30:08
67,0.021578,0.030809,0.030809,3.21e-04,1,2026-04-21 20:31:49
68,0.020256,0.030809,0.030809,3.16e-04,2,2026-04-21 20:33:28
69,0.022859,0.038128,0.030809,3.11e-04,3,2026-04-21 20:35:14
70,0.021956,0.030809,0.030809,3.06e-04,4,2026-04-21 20:36:54
71,0.019788,0.030809,0.030809,3.01e-04,5,2026-04-21 20:38:34
72,0.016555,0.028795,0.028795,2.96e-04,0,2026-04-21 20:40:20
73,0.021814,0.028795,0.028795,2.91e-04,1,2026-04-21 20:42:00
74,0.020071,0.028795,0.028795,2.86e-04,2,2026-04-21 20:43:40
75,0.019743,0.035473,0.028795,2.80e-04,3,2026-04-21 20:45:26
76,0.018478,0.028795,0.028795,2.75e-04,4,2026-04-21 20:47:05
77,0.019626,0.028795,0.028795,2.70e-04,5,2026-04-21 20:48:46
78,0.015407,0.028763,0.028763,2.65e-04,0,2026-04-21 20:50:33
79,0.027471,0.028763,0.028763,2.60e-04,1,2026-04-21 20:52:17
80,0.018509,0.028763,0.028763,2.55e-04,2,2026-04-21 20:53:59
81,0.018626,0.025484,0.025484,2.50e-04,0,2026-04-21 20:55:50
82,0.015983,0.025484,0.025484,2.45e-04,1,2026-04-21 20:57:33
83,0.015275,0.025484,0.025484,2.39e-04,2,2026-04-21 20:59:15
84,0.014155,0.028874,0.025484,2.34e-04,3,2026-04-21 21:01:05
85,0.015723,0.025484,0.025484,2.29e-04,4,2026-04-21 21:02:45
86,0.021411,0.025484,0.025484,2.24e-04,5,2026-04-21 21:04:24
87,0.016248,0.021447,0.021447,2.19e-04,0,2026-04-21 21:06:08
88,0.020288,0.021447,0.021447,2.14e-04,1,2026-04-21 21:07:51
89,0.020213,0.021447,0.021447,2.09e-04,2,2026-04-21 21:09:34
90,0.013004,0.026156,0.021447,2.04e-04,3,2026-04-21 21:11:21
91,0.013672,0.021447,0.021447,1.99e-04,4,2026-04-21 21:13:03
92,0.013370,0.021447,0.021447,1.94e-04,5,2026-04-21 21:14:44
93,0.013923,0.024189,0.021447,1.89e-04,6,2026-04-21 21:16:33
94,0.015335,0.021447,0.021447,1.84e-04,7,2026-04-21 21:18:15
95,0.012736,0.021447,0.021447,1.79e-04,8,2026-04-21 21:20:00
96,0.013448,0.021831,0.021447,1.75e-04,9,2026-04-21 21:21:48
97,0.010505,0.021447,0.021447,1.70e-04,10,2026-04-21 21:23:30
98,0.013192,0.021447,0.021447,1.65e-04,11,2026-04-21 21:25:13
99,0.016372,0.040603,0.021447,1.60e-04,12,2026-04-21 21:27:01
100,0.010366,0.021447,0.021447,1.56e-04,13,2026-04-21 21:28:44
101,0.009881,0.021447,0.021447,1.51e-04,14,2026-04-21 21:30:27
102,0.009086,0.021095,0.021095,1.47e-04,0,2026-04-21 21:32:14
103,0.010751,0.021095,0.021095,1.42e-04,1,2026-04-21 21:33:54
104,0.016862,0.021095,0.021095,1.38e-04,2,2026-04-21 21:35:34
105,0.008874,0.020379,0.020379,1.34e-04,0,2026-04-21 21:37:17
106,0.012484,0.020379,0.020379,1.29e-04,1,2026-04-21 21:38:57
107,0.008965,0.020379,0.020379,1.25e-04,2,2026-04-21 21:40:35
108,0.007877,0.019770,0.019770,1.21e-04,0,2026-04-21 21:42:19
109,0.009502,0.019770,0.019770,1.17e-04,1,2026-04-21 21:43:58
110,0.012475,0.019770,0.019770,1.13e-04,2,2026-04-21 21:45:39
111,0.008690,0.026765,0.019770,1.09e-04,3,2026-04-21 21:47:23
112,0.008643,0.019770,0.019770,1.05e-04,4,2026-04-21 21:49:06
113,0.010100,0.019770,0.019770,1.01e-04,5,2026-04-21 21:50:46
114,0.013130,0.018011,0.018011,9.73e-05,0,2026-04-21 21:52:29
115,0.010670,0.018011,0.018011,9.37e-05,1,2026-04-21 21:54:10
116,0.011335,0.018011,0.018011,9.01e-05,2,2026-04-21 21:55:50
117,0.008003,0.016553,0.016553,8.66e-05,0,2026-04-21 21:57:35
118,0.009881,0.016553,0.016553,8.32e-05,1,2026-04-21 21:59:16
119,0.006695,0.016553,0.016553,7.98e-05,2,2026-04-21 22:00:56
120,0.007864,0.016997,0.016553,7.66e-05,3,2026-04-21 22:02:40
121,0.007679,0.016553,0.016553,7.34e-05,4,2026-04-21 22:04:21
122,0.007249,0.016553,0.016553,7.04e-05,5,2026-04-21 22:05:59
123,0.009687,0.024895,0.016553,6.74e-05,6,2026-04-21 22:07:45
124,0.006542,0.016553,0.016553,6.45e-05,7,2026-04-21 22:09:24
125,0.010429,0.016553,0.016553,6.17e-05,8,2026-04-21 22:11:05
126,0.008237,0.023670,0.016553,5.90e-05,9,2026-04-21 22:12:49
127,0.007744,0.016553,0.016553,5.64e-05,10,2026-04-21 22:14:30
128,0.006689,0.016553,0.016553,5.39e-05,11,2026-04-21 22:16:10
129,0.006747,0.020295,0.016553,5.15e-05,12,2026-04-21 22:17:53
130,0.007065,0.016553,0.016553,4.92e-05,13,2026-04-21 22:19:33
131,0.005029,0.016553,0.016553,4.70e-05,14,2026-04-21 22:21:14
132,0.005634,0.021733,0.016553,4.48e-05,15,2026-04-21 22:22:57
133,0.006810,0.016553,0.016553,4.28e-05,16,2026-04-21 22:24:37
134,0.004283,0.016553,0.016553,4.09e-05,17,2026-04-21 22:26:19
135,0.005677,0.019037,0.016553,3.91e-05,18,2026-04-21 22:28:03
136,0.007446,0.016553,0.016553,3.74e-05,19,2026-04-21 22:29:43
137,0.008951,0.016553,0.016553,3.58e-05,20,2026-04-21 22:31:24
138,0.006657,0.018662,0.016553,3.44e-05,21,2026-04-21 22:33:07
139,0.005540,0.016553,0.016553,3.30e-05,22,2026-04-21 22:34:47
140,0.006926,0.016553,0.016553,3.17e-05,23,2026-04-21 22:36:26
141,0.005168,0.033405,0.016553,3.06e-05,24,2026-04-21 22:38:11
142,0.005250,0.016553,0.016553,2.95e-05,25,2026-04-21 22:39:52
143,0.005792,0.016553,0.016553,2.86e-05,26,2026-04-21 22:41:30
144,0.004969,0.026957,0.016553,2.77e-05,27,2026-04-21 22:43:15
145,0.004728,0.016553,0.016553,2.70e-05,28,2026-04-21 22:44:55
146,0.005458,0.016553,0.016553,2.64e-05,29,2026-04-21 22:46:35
147,0.004858,0.020387,0.016553,2.59e-05,30,2026-04-21 22:48:19
148,0.004718,0.016553,0.016553,2.55e-05,31,2026-04-21 22:49:59
149,0.004834,0.016553,0.016553,2.52e-05,32,2026-04-21 22:51:40
150,0.005296,0.030721,0.016553,2.51e-05,33,2026-04-21 22:53:24
--- SESSION END | completed normally — all epochs done | stopped at epoch 150 | best_loss=0.016553 | 2026-04-21 22:53:24 ---
--- SESSION START | 2026-04-22 02:40:07 | fresh start ---
1,73.453855,146.400005,146.400005,1.00e-04,0,2026-04-22 02:41:51
2,3.016671,146.400005,146.400005,2.00e-04,1,2026-04-22 02:43:32
3,2.863948,124.169365,124.169365,3.00e-04,0,2026-04-22 02:45:19
4,2.820150,124.169365,124.169365,4.00e-04,1,2026-04-22 02:47:01
5,2.799305,124.169365,124.169365,5.00e-04,2,2026-04-22 02:48:46
6,2.784435,68.048025,68.048025,5.00e-04,0,2026-04-22 02:50:35
7,2.766485,68.048025,68.048025,5.00e-04,1,2026-04-22 02:52:19
8,2.723199,68.048025,68.048025,5.00e-04,2,2026-04-22 02:54:05
9,2.632421,23.334928,23.334928,4.99e-04,0,2026-04-22 02:56:01
10,2.447300,23.334928,23.334928,4.99e-04,1,2026-04-22 02:57:50
11,2.204357,23.334928,23.334928,4.99e-04,2,2026-04-22 02:59:38
12,2.012781,4.182922,4.182922,4.98e-04,0,2026-04-22 03:01:31
13,1.878033,4.182922,4.182922,4.97e-04,1,2026-04-22 03:03:19
14,1.769254,4.182922,4.182922,4.96e-04,2,2026-04-22 03:05:05
15,1.625359,2.466237,2.466237,4.95e-04,0,2026-04-22 03:06:57
16,1.535020,2.466237,2.466237,4.94e-04,1,2026-04-22 03:08:44
17,1.387331,2.466237,2.466237,4.93e-04,2,2026-04-22 03:10:30
18,1.232196,2.063109,2.063109,4.92e-04,0,2026-04-22 03:12:26
19,0.986942,2.063109,2.063109,4.91e-04,1,2026-04-22 03:14:14
20,0.788322,2.063109,2.063109,4.89e-04,2,2026-04-22 03:16:01
21,0.706886,1.648096,1.648096,4.88e-04,0,2026-04-22 03:17:56
22,0.548645,1.648096,1.648096,4.86e-04,1,2026-04-22 03:19:46
23,0.429974,1.648096,1.648096,4.84e-04,2,2026-04-22 03:21:35
24,0.378387,1.209773,1.209773,4.82e-04,0,2026-04-22 03:23:29
25,0.322175,1.209773,1.209773,4.80e-04,1,2026-04-22 03:25:16
26,0.419721,1.209773,1.209773,4.78e-04,2,2026-04-22 03:27:02
27,0.246614,0.855082,0.855082,4.76e-04,0,2026-04-22 03:28:57
28,0.202184,0.855082,0.855082,4.74e-04,1,2026-04-22 03:30:50
29,0.200790,0.855082,0.855082,4.71e-04,2,2026-04-22 03:32:37
30,0.160097,0.519010,0.519010,4.69e-04,0,2026-04-22 03:34:26
31,0.162431,0.519010,0.519010,4.66e-04,1,2026-04-22 03:36:11
32,0.162623,0.519010,0.519010,4.63e-04,2,2026-04-22 03:37:57
33,0.131278,0.279933,0.279933,4.61e-04,0,2026-04-22 03:39:48
34,0.121000,0.279933,0.279933,4.58e-04,1,2026-04-22 03:41:31
35,0.102003,0.279933,0.279933,4.55e-04,2,2026-04-22 03:43:13
36,0.096353,0.181798,0.181798,4.52e-04,0,2026-04-22 03:45:00
37,0.098567,0.181798,0.181798,4.48e-04,1,2026-04-22 03:46:45
38,0.087929,0.181798,0.181798,4.45e-04,2,2026-04-22 03:48:35
39,0.080883,0.138636,0.138636,4.42e-04,0,2026-04-22 03:50:30
40,0.092201,0.138636,0.138636,4.38e-04,1,2026-04-22 03:52:16
41,0.069629,0.138636,0.138636,4.35e-04,2,2026-04-22 03:54:01
42,0.071589,0.104611,0.104611,4.31e-04,0,2026-04-22 03:55:49
43,0.068502,0.104611,0.104611,4.28e-04,1,2026-04-22 03:57:36
44,0.074482,0.104611,0.104611,4.24e-04,2,2026-04-22 03:59:23
45,0.077875,0.092386,0.092386,4.20e-04,0,2026-04-22 04:01:14
46,0.056430,0.092386,0.092386,4.16e-04,1,2026-04-22 04:03:01
47,0.056126,0.092386,0.092386,4.12e-04,2,2026-04-22 04:04:45
48,0.056702,0.079107,0.079107,4.08e-04,0,2026-04-22 04:06:34
49,0.049961,0.079107,0.079107,4.04e-04,1,2026-04-22 04:08:17
50,0.056517,0.079107,0.079107,4.00e-04,2,2026-04-22 04:10:01
51,0.053737,0.077587,0.077587,3.96e-04,0,2026-04-22 04:11:49
52,0.042379,0.077587,0.077587,3.91e-04,1,2026-04-22 04:13:33
53,0.041287,0.077587,0.077587,3.87e-04,2,2026-04-22 04:15:17
54,0.057393,0.062510,0.062510,3.83e-04,0,2026-04-22 04:17:06
55,0.054527,0.062510,0.062510,3.78e-04,1,2026-04-22 04:18:50
56,0.042950,0.062510,0.062510,3.74e-04,2,2026-04-22 04:20:34
57,0.039529,0.054448,0.054448,3.69e-04,0,2026-04-22 04:22:24
58,0.042119,0.054448,0.054448,3.65e-04,1,2026-04-22 04:24:12
59,0.034961,0.054448,0.054448,3.60e-04,2,2026-04-22 04:26:01
60,0.036420,0.056222,0.054448,3.55e-04,3,2026-04-22 04:27:56
61,0.039055,0.054448,0.054448,3.50e-04,4,2026-04-22 04:29:44
62,0.038234,0.054448,0.054448,3.46e-04,5,2026-04-22 04:31:32
63,0.027122,0.055561,0.054448,3.41e-04,6,2026-04-22 04:33:25
64,0.027567,0.054448,0.054448,3.36e-04,7,2026-04-22 04:35:15
65,0.028460,0.054448,0.054448,3.31e-04,8,2026-04-22 04:37:02
66,0.029100,0.061326,0.054448,3.26e-04,9,2026-04-22 04:38:56
67,0.027793,0.054448,0.054448,3.21e-04,10,2026-04-22 04:40:45
68,0.027846,0.054448,0.054448,3.16e-04,11,2026-04-22 04:42:33
69,0.026920,0.049159,0.049159,3.11e-04,0,2026-04-22 04:44:25
70,0.038079,0.049159,0.049159,3.06e-04,1,2026-04-22 04:46:13
71,0.023748,0.049159,0.049159,3.01e-04,2,2026-04-22 04:48:04
72,0.026795,0.048328,0.048328,2.96e-04,0,2026-04-22 04:49:59
73,0.022172,0.048328,0.048328,2.91e-04,1,2026-04-22 04:51:48
74,0.026372,0.048328,0.048328,2.86e-04,2,2026-04-22 04:53:36
75,0.020089,0.036608,0.036608,2.80e-04,0,2026-04-22 04:55:30
76,0.028418,0.036608,0.036608,2.75e-04,1,2026-04-22 04:57:17
77,0.028386,0.036608,0.036608,2.70e-04,2,2026-04-22 04:59:05
78,0.021907,0.043899,0.036608,2.65e-04,3,2026-04-22 05:00:59
79,0.022335,0.036608,0.036608,2.60e-04,4,2026-04-22 05:02:48
80,0.013224,0.036608,0.036608,2.55e-04,5,2026-04-22 05:04:36
81,0.020814,0.040164,0.036608,2.50e-04,6,2026-04-22 05:06:32
82,0.020378,0.036608,0.036608,2.45e-04,7,2026-04-22 05:08:20
83,0.016721,0.036608,0.036608,2.39e-04,8,2026-04-22 05:10:09
84,0.017746,0.038363,0.036608,2.34e-04,9,2026-04-22 05:12:03
85,0.016841,0.036608,0.036608,2.29e-04,10,2026-04-22 05:13:53
86,0.014579,0.036608,0.036608,2.24e-04,11,2026-04-22 05:15:42
87,0.013595,0.033800,0.033800,2.19e-04,0,2026-04-22 05:17:34
88,0.015807,0.033800,0.033800,2.14e-04,1,2026-04-22 05:19:18
89,0.010305,0.033800,0.033800,2.09e-04,2,2026-04-22 05:21:05
90,0.020314,0.037986,0.033800,2.04e-04,3,2026-04-22 05:22:55
91,0.017306,0.033800,0.033800,1.99e-04,4,2026-04-22 05:24:39
92,0.016223,0.033800,0.033800,1.94e-04,5,2026-04-22 05:26:25
93,0.012188,0.027083,0.027083,1.89e-04,0,2026-04-22 05:28:14
94,0.011691,0.027083,0.027083,1.84e-04,1,2026-04-22 05:30:01
95,0.016254,0.027083,0.027083,1.79e-04,2,2026-04-22 05:31:46
96,0.012435,0.037260,0.027083,1.75e-04,3,2026-04-22 05:33:36
97,0.010349,0.027083,0.027083,1.70e-04,4,2026-04-22 05:35:21
98,0.012999,0.027083,0.027083,1.65e-04,5,2026-04-22 05:37:07
99,0.010748,0.034881,0.027083,1.60e-04,6,2026-04-22 05:38:56
100,0.023631,0.027083,0.027083,1.56e-04,7,2026-04-22 05:40:41
101,0.011588,0.027083,0.027083,1.51e-04,8,2026-04-22 05:42:26
102,0.010931,0.036507,0.027083,1.47e-04,9,2026-04-22 05:44:16
103,0.010260,0.027083,0.027083,1.42e-04,10,2026-04-22 05:46:01
104,0.013727,0.027083,0.027083,1.38e-04,11,2026-04-22 05:47:46
105,0.010825,0.026629,0.026629,1.34e-04,0,2026-04-22 05:49:35
106,0.006884,0.026629,0.026629,1.29e-04,1,2026-04-22 05:51:20
107,0.008345,0.026629,0.026629,1.25e-04,2,2026-04-22 05:53:04
108,0.008936,0.036892,0.026629,1.21e-04,3,2026-04-22 05:54:53
109,0.010637,0.026629,0.026629,1.17e-04,4,2026-04-22 05:56:38
110,0.008024,0.026629,0.026629,1.13e-04,5,2026-04-22 05:58:25
111,0.009137,0.037154,0.026629,1.09e-04,6,2026-04-22 06:00:16
112,0.012868,0.026629,0.026629,1.05e-04,7,2026-04-22 06:03:10
113,0.007039,0.026629,0.026629,1.01e-04,8,2026-04-22 06:07:12
114,0.006144,0.025612,0.025612,9.73e-05,0,2026-04-22 06:11:26
115,0.006420,0.025612,0.025612,9.37e-05,1,2026-04-22 06:15:29
116,0.006679,0.025612,0.025612,9.01e-05,2,2026-04-22 06:17:41
117,0.005746,0.023101,0.023101,8.66e-05,0,2026-04-22 06:19:59
118,0.006231,0.023101,0.023101,8.32e-05,1,2026-04-22 06:22:10
119,0.008244,0.023101,0.023101,7.98e-05,2,2026-04-22 06:24:20
120,0.006664,0.035647,0.023101,7.66e-05,3,2026-04-22 06:26:40
121,0.007385,0.023101,0.023101,7.34e-05,4,2026-04-22 06:28:52
122,0.005582,0.023101,0.023101,7.04e-05,5,2026-04-22 06:31:04
123,0.008397,0.037759,0.023101,6.74e-05,6,2026-04-22 06:33:22
124,0.004744,0.023101,0.023101,6.45e-05,7,2026-04-22 06:35:33
125,0.004371,0.023101,0.023101,6.17e-05,8,2026-04-22 06:37:44
126,0.004589,0.021638,0.021638,5.90e-05,0,2026-04-22 06:40:02
127,0.007702,0.021638,0.021638,5.64e-05,1,2026-04-22 06:42:13
128,0.006253,0.021638,0.021638,5.39e-05,2,2026-04-22 06:44:24
129,0.006058,0.033462,0.021638,5.15e-05,3,2026-04-22 06:46:42
130,0.004650,0.021638,0.021638,4.92e-05,4,2026-04-22 06:48:54
131,0.003952,0.021638,0.021638,4.70e-05,5,2026-04-22 06:51:05
132,0.005375,0.040579,0.021638,4.48e-05,6,2026-04-22 06:53:24
133,0.004340,0.021638,0.021638,4.28e-05,7,2026-04-22 06:55:36
134,0.005647,0.021638,0.021638,4.09e-05,8,2026-04-22 06:57:48
135,0.003792,0.033842,0.021638,3.91e-05,9,2026-04-22 07:00:05
136,0.002971,0.021638,0.021638,3.74e-05,10,2026-04-22 07:02:17
137,0.004118,0.021638,0.021638,3.58e-05,11,2026-04-22 07:04:29
138,0.003696,0.041828,0.021638,3.44e-05,12,2026-04-22 07:06:49
139,0.006868,0.021638,0.021638,3.30e-05,13,2026-04-22 07:09:00
140,0.004663,0.021638,0.021638,3.17e-05,14,2026-04-22 07:11:12
141,0.003920,0.026731,0.021638,3.06e-05,15,2026-04-22 07:13:32
142,0.004396,0.021638,0.021638,2.95e-05,16,2026-04-22 07:15:44
143,0.004891,0.021638,0.021638,2.86e-05,17,2026-04-22 07:17:56
144,0.005458,0.046630,0.021638,2.77e-05,18,2026-04-22 07:20:13
145,0.004180,0.021638,0.021638,2.70e-05,19,2026-04-22 07:22:26
146,0.004199,0.021638,0.021638,2.64e-05,20,2026-04-22 07:24:36
147,0.003780,0.037698,0.021638,2.59e-05,21,2026-04-22 07:26:55
148,0.003561,0.021638,0.021638,2.55e-05,22,2026-04-22 07:29:07
149,0.004073,0.021638,0.021638,2.52e-05,23,2026-04-22 07:31:19
150,0.005348,0.027252,0.021638,2.51e-05,24,2026-04-22 07:33:38
--- SESSION END | completed normally — all epochs done | stopped at epoch 150 | best_loss=0.021638 | 2026-04-22 07:33:38 ---
--- SESSION START | 2026-04-23 13:20:44 | fresh start ---
--- SESSION END | ctrl+c (no weights) | stopped at epoch 0 | best_loss=inf | 2026-04-23 13:21:53 ---
--- SESSION START | 2026-04-23 13:22:08 | fresh start ---
1,128.314806,151.084951,151.084951,1.00e-04,0,2026-04-23 13:23:12
--- SESSION END | ctrl+c | stopped at epoch 2 | best_loss=151.084951 | 2026-04-23 13:24:03 ---
--- SESSION START | 2026-04-23 13:24:55 | fresh start ---
1,131.807000,151.872864,151.872864,1.00e-04,0,2026-04-23 13:26:02
2,13.634475,149.999218,149.999218,2.00e-04,0,2026-04-23 13:27:08
3,2.790467,146.609347,146.609347,3.00e-04,0,2026-04-23 13:28:16
4,2.670897,141.840909,141.840909,4.00e-04,0,2026-04-23 13:29:28
5,2.230535,134.687190,134.687190,5.00e-04,0,2026-04-23 13:30:40
6,1.868595,122.880985,122.880985,5.00e-04,0,2026-04-23 13:31:52
--- SESSION END | ctrl+c | stopped at epoch 7 | best_loss=122.880985 | 2026-04-23 13:32:35 ---
--- SESSION START | 2026-04-23 13:32:51 | fresh start ---
1,139.924608,145.906660,145.906660,1.00e-04,0,2026-04-23 13:33:39
2,77.484708,145.056244,145.056244,2.00e-04,0,2026-04-23 13:34:27
3,3.733582,143.553075,143.553075,3.00e-04,0,2026-04-23 13:35:14
4,2.807284,141.709875,141.709875,4.00e-04,0,2026-04-23 13:36:04
5,2.774163,139.587937,139.587937,5.00e-04,0,2026-04-23 13:36:54
6,2.697589,137.211093,137.211093,5.00e-04,0,2026-04-23 13:37:44
--- SESSION END | ctrl+c | stopped at epoch 7 | best_loss=137.211093 | 2026-04-23 13:38:09 ---
--- SESSION START | 2026-04-23 13:38:47 | fresh start ---
1,151.959013,153.153797,153.153797,1.40e-04,0,2026-04-23 13:39:26
2,125.917952,153.026152,153.026152,2.80e-04,0,2026-04-23 13:40:08
3,32.185450,152.767879,152.767879,4.20e-04,0,2026-04-23 13:40:50
4,3.027528,152.331519,152.331519,5.60e-04,0,2026-04-23 13:41:31
5,2.839712,151.736396,151.736396,7.00e-04,0,2026-04-23 13:42:12
6,2.799473,150.953599,150.953599,7.00e-04,0,2026-04-23 13:42:54
7,2.784171,149.968621,149.968621,7.00e-04,0,2026-04-23 13:43:34
8,2.760640,148.767331,148.767331,7.00e-04,0,2026-04-23 13:44:15
9,2.707489,147.392448,147.392448,6.99e-04,0,2026-04-23 13:44:55
10,2.619791,145.779575,145.779575,6.99e-04,0,2026-04-23 13:45:35
11,2.480622,143.928443,143.928443,6.98e-04,0,2026-04-23 13:46:15
12,2.248294,141.782024,141.782024,6.97e-04,0,2026-04-23 13:46:55
13,2.008948,139.268678,139.268678,6.96e-04,0,2026-04-23 13:47:36
14,1.888664,136.375589,136.375589,6.95e-04,0,2026-04-23 13:48:16
15,1.842532,133.002606,133.002606,6.94e-04,0,2026-04-23 13:48:56
16,1.817888,129.203731,129.203731,6.92e-04,0,2026-04-23 13:49:36
17,1.792278,124.890687,124.890687,6.91e-04,0,2026-04-23 13:50:17
18,1.763510,120.023953,120.023953,6.89e-04,0,2026-04-23 13:50:57
19,1.741681,114.641551,114.641551,6.87e-04,0,2026-04-23 13:51:37
20,1.716289,108.726242,108.726242,6.85e-04,0,2026-04-23 13:52:18
21,1.688701,102.172651,102.172651,6.83e-04,0,2026-04-23 13:52:57
22,1.595082,95.121924,95.121924,6.80e-04,0,2026-04-23 13:53:37
23,1.478078,87.756979,87.756979,6.78e-04,0,2026-04-23 13:54:17
24,1.394394,80.154940,80.154940,6.75e-04,0,2026-04-23 13:54:58
25,1.284639,72.495298,72.495298,6.72e-04,0,2026-04-23 13:55:40
26,1.183404,64.916782,64.916782,6.69e-04,0,2026-04-23 13:56:20
27,1.103902,57.619123,57.619123,6.66e-04,0,2026-04-23 13:57:01
28,1.026951,50.586291,50.586291,6.63e-04,0,2026-04-23 13:57:42
29,1.006437,43.932467,43.932467,6.60e-04,0,2026-04-23 13:58:22
30,0.934162,37.733729,37.733729,6.56e-04,0,2026-04-23 13:59:04
31,0.883166,32.048776,32.048776,6.52e-04,0,2026-04-23 13:59:47
32,0.821913,26.936054,26.936054,6.49e-04,0,2026-04-23 14:00:27
33,0.783660,22.385238,22.385238,6.45e-04,0,2026-04-23 14:01:06
34,0.753144,18.567143,18.567143,6.41e-04,0,2026-04-23 14:01:47
35,0.717659,15.422196,15.422196,6.36e-04,0,2026-04-23 14:02:27
36,0.662494,12.872947,12.872947,6.32e-04,0,2026-04-23 14:03:08
37,0.636673,10.856431,10.856431,6.28e-04,0,2026-04-23 14:03:47
38,0.581950,9.250871,9.250871,6.23e-04,0,2026-04-23 14:04:28
39,0.551439,7.997931,7.997931,6.19e-04,0,2026-04-23 14:05:09
40,0.509243,7.005431,7.005431,6.14e-04,0,2026-04-23 14:05:50
41,0.507833,6.221116,6.221116,6.09e-04,0,2026-04-23 14:06:30
42,0.472240,5.595311,5.595311,6.04e-04,0,2026-04-23 14:07:10
43,0.456410,5.076100,5.076100,5.99e-04,0,2026-04-23 14:07:50
44,0.439727,4.657691,4.657691,5.94e-04,0,2026-04-23 14:08:30
45,0.421225,4.315571,4.315571,5.88e-04,0,2026-04-23 14:09:09
46,0.388525,4.028660,4.028660,5.83e-04,0,2026-04-23 14:09:49
47,0.385129,3.785040,3.785040,5.77e-04,0,2026-04-23 14:10:28
48,0.351921,3.580912,3.580912,5.72e-04,0,2026-04-23 14:11:08
49,0.384276,3.404272,3.404272,5.66e-04,0,2026-04-23 14:11:48
50,0.314322,3.256159,3.256159,5.60e-04,0,2026-04-23 14:12:27
51,0.266997,3.120157,3.120157,5.54e-04,0,2026-04-23 14:13:08
52,0.267826,3.012806,3.012806,5.48e-04,0,2026-04-23 14:13:51
53,0.220751,2.915541,2.915541,5.42e-04,0,2026-04-23 14:14:33
54,0.210819,2.826932,2.826932,5.36e-04,0,2026-04-23 14:15:14
55,0.185874,2.745018,2.745018,5.30e-04,0,2026-04-23 14:15:55
56,0.174785,2.682708,2.682708,5.23e-04,0,2026-04-23 14:16:35
57,0.217816,2.618333,2.618333,5.17e-04,0,2026-04-23 14:17:15
58,0.165100,2.563282,2.563282,5.10e-04,0,2026-04-23 14:17:55
59,0.164473,2.513031,2.513031,5.04e-04,0,2026-04-23 14:18:36
60,0.161207,2.473215,2.473215,4.97e-04,0,2026-04-23 14:19:19
61,0.144405,2.431048,2.431048,4.91e-04,0,2026-04-23 14:19:59
62,0.129783,2.399725,2.399725,4.84e-04,0,2026-04-23 14:20:39
63,0.140177,2.366610,2.366610,4.77e-04,0,2026-04-23 14:21:19
64,0.120966,2.332636,2.332636,4.70e-04,0,2026-04-23 14:21:58
65,0.128707,2.311082,2.311082,4.63e-04,0,2026-04-23 14:22:39
66,0.125690,2.277927,2.277927,4.56e-04,0,2026-04-23 14:23:19
67,0.114527,2.255132,2.255132,4.49e-04,0,2026-04-23 14:24:00
68,0.099280,2.234464,2.234464,4.42e-04,0,2026-04-23 14:24:40
69,0.109443,2.205986,2.205986,4.35e-04,0,2026-04-23 14:25:20
70,0.095001,2.186272,2.186272,4.28e-04,0,2026-04-23 14:26:00
71,0.096028,2.170294,2.170294,4.21e-04,0,2026-04-23 14:26:41
72,0.095816,2.142843,2.142843,4.14e-04,0,2026-04-23 14:27:21
73,0.088604,2.109418,2.109418,4.07e-04,0,2026-04-23 14:28:01
74,0.091097,2.087956,2.087956,4.00e-04,0,2026-04-23 14:28:41
75,0.090630,2.062253,2.062253,3.93e-04,0,2026-04-23 14:29:20
76,0.087408,2.031993,2.031993,3.86e-04,0,2026-04-23 14:29:59
77,0.086048,2.006527,2.006527,3.78e-04,0,2026-04-23 14:30:38
78,0.086020,1.977013,1.977013,3.71e-04,0,2026-04-23 14:31:19
79,0.086906,1.945276,1.945276,3.64e-04,0,2026-04-23 14:31:59
80,0.063192,1.927283,1.927283,3.57e-04,0,2026-04-23 14:32:40
81,0.079597,1.887831,1.887831,3.49e-04,0,2026-04-23 14:33:20
82,0.067549,1.856708,1.856708,3.42e-04,0,2026-04-23 14:34:00
83,0.069885,1.825515,1.825515,3.35e-04,0,2026-04-23 14:34:39
84,0.071993,1.787861,1.787861,3.28e-04,0,2026-04-23 14:35:20
85,0.071313,1.750843,1.750843,3.21e-04,0,2026-04-23 14:36:00
86,0.064260,1.732063,1.732063,3.14e-04,0,2026-04-23 14:36:40
87,0.064430,1.695613,1.695613,3.07e-04,0,2026-04-23 14:37:21
88,0.070966,1.666127,1.666127,3.00e-04,0,2026-04-23 14:38:01
89,0.061049,1.621463,1.621463,2.93e-04,0,2026-04-23 14:38:41
90,0.063942,1.576429,1.576429,2.86e-04,0,2026-04-23 14:39:21
91,0.062356,1.539502,1.539502,2.79e-04,0,2026-04-23 14:40:01
92,0.063974,1.497691,1.497691,2.72e-04,0,2026-04-23 14:40:40
93,0.053823,1.461887,1.461887,2.65e-04,0,2026-04-23 14:41:19
94,0.060025,1.431898,1.431898,2.58e-04,0,2026-04-23 14:41:59
95,0.053005,1.377127,1.377127,2.51e-04,0,2026-04-23 14:42:40
96,0.050734,1.352467,1.352467,2.44e-04,0,2026-04-23 14:43:19
97,0.062485,1.299734,1.299734,2.38e-04,0,2026-04-23 14:43:59
98,0.057559,1.271657,1.271657,2.31e-04,0,2026-04-23 14:44:39
99,0.049915,1.217888,1.217888,2.25e-04,0,2026-04-23 14:45:19
100,0.056404,1.181542,1.181542,2.18e-04,0,2026-04-23 14:46:00
101,0.059221,1.139793,1.139793,2.12e-04,0,2026-04-23 14:46:39
102,0.048812,1.109842,1.109842,2.05e-04,0,2026-04-23 14:47:19
103,0.056769,1.070295,1.070295,1.99e-04,0,2026-04-23 14:47:59
104,0.049622,1.021894,1.021894,1.93e-04,0,2026-04-23 14:48:40
105,0.045155,0.984190,0.984190,1.87e-04,0,2026-04-23 14:49:20
106,0.041981,0.948413,0.948413,1.81e-04,0,2026-04-23 14:50:01
107,0.042926,0.899679,0.899679,1.75e-04,0,2026-04-23 14:50:40
108,0.050036,0.845791,0.845791,1.69e-04,0,2026-04-23 14:51:23
109,0.046772,0.824572,0.824572,1.63e-04,0,2026-04-23 14:52:03
110,0.043138,0.797955,0.797955,1.58e-04,0,2026-04-23 14:52:45
111,0.043761,0.769227,0.769227,1.52e-04,0,2026-04-23 14:53:28
112,0.046752,0.719485,0.719485,1.47e-04,0,2026-04-23 14:54:11
113,0.042491,0.692363,0.692363,1.41e-04,0,2026-04-23 14:54:52
114,0.043043,0.643646,0.643646,1.36e-04,0,2026-04-23 14:55:35
115,0.038437,0.612377,0.612377,1.31e-04,0,2026-04-23 14:56:16
116,0.042011,0.583137,0.583137,1.26e-04,0,2026-04-23 14:56:57
117,0.039635,0.538818,0.538818,1.21e-04,0,2026-04-23 14:57:38
118,0.031248,0.515585,0.515585,1.16e-04,0,2026-04-23 14:58:18
119,0.043010,0.501403,0.501403,1.12e-04,0,2026-04-23 14:58:59
120,0.038326,0.471036,0.471036,1.07e-04,0,2026-04-23 14:59:41
121,0.039933,0.444942,0.444942,1.03e-04,0,2026-04-23 15:00:22
122,0.040127,0.423339,0.423339,9.85e-05,0,2026-04-23 15:01:01
123,0.037967,0.396280,0.396280,9.43e-05,0,2026-04-23 15:01:42
124,0.035651,0.378823,0.378823,9.03e-05,0,2026-04-23 15:02:22
125,0.042177,0.360838,0.360838,8.64e-05,0,2026-04-23 15:03:02
126,0.031353,0.324506,0.324506,8.26e-05,0,2026-04-23 15:03:43
127,0.042635,0.301916,0.301916,7.89e-05,0,2026-04-23 15:04:26
128,0.036167,0.303776,0.301916,7.54e-05,1,2026-04-23 15:05:07
129,0.038889,0.289043,0.289043,7.21e-05,0,2026-04-23 15:05:47
130,0.041237,0.290505,0.289043,6.88e-05,1,2026-04-23 15:06:28
131,0.034058,0.257742,0.257742,6.57e-05,0,2026-04-23 15:07:08
132,0.034035,0.268580,0.257742,6.28e-05,1,2026-04-23 15:07:50
133,0.038743,0.248073,0.248073,6.00e-05,0,2026-04-23 15:08:30
134,0.041478,0.230082,0.230082,5.73e-05,0,2026-04-23 15:09:12
135,0.039016,0.217591,0.217591,5.48e-05,0,2026-04-23 15:09:53
136,0.031544,0.220251,0.217591,5.24e-05,1,2026-04-23 15:10:33
137,0.040094,0.209516,0.209516,5.02e-05,0,2026-04-23 15:11:14
138,0.040701,0.197350,0.197350,4.81e-05,0,2026-04-23 15:11:55
139,0.034643,0.192289,0.192289,4.62e-05,0,2026-04-23 15:12:40
140,0.030988,0.197685,0.192289,4.44e-05,1,2026-04-23 15:13:23
141,0.031619,0.185610,0.185610,4.28e-05,0,2026-04-23 15:14:03
142,0.033715,0.181906,0.181906,4.13e-05,0,2026-04-23 15:14:43
143,0.028597,0.183686,0.181906,4.00e-05,1,2026-04-23 15:15:24
144,0.037707,0.163523,0.163523,3.88e-05,0,2026-04-23 15:16:06
145,0.039257,0.170321,0.163523,3.78e-05,1,2026-04-23 15:16:48
146,0.032483,0.177036,0.163523,3.69e-05,2,2026-04-23 15:17:27
147,0.037269,0.157503,0.157503,3.62e-05,0,2026-04-23 15:18:08
148,0.036206,0.157827,0.157503,3.57e-05,1,2026-04-23 15:18:49
149,0.033349,0.165059,0.157503,3.53e-05,2,2026-04-23 15:19:29
150,0.034241,0.156324,0.156324,3.51e-05,0,2026-04-23 15:20:10
--- SESSION END | completed normally — all epochs done | stopped at epoch 150 | best_loss=0.156324 | 2026-04-23 15:20:10 ---
--- SESSION START | 2026-04-23 16:56:06 | fresh start ---
--- SESSION KILLED | detected 2026-04-23 16:57:44 ---
--- SESSION START | 2026-04-23 16:57:44 | fresh start ---
--- SESSION KILLED | detected 2026-04-23 16:59:20 ---
--- SESSION START | 2026-04-23 16:59:20 | fresh start ---
--- SESSION KILLED | detected 2026-04-23 17:02:41 ---
--- SESSION START | 2026-04-23 17:02:41 | fresh start ---
--- SESSION KILLED | detected 2026-04-23 17:04:44 ---
--- SESSION START | 2026-04-23 17:04:44 | fresh start ---
--- SESSION KILLED | detected 2026-04-23 17:10:35 ---
--- SESSION START | 2026-04-23 17:10:35 | fresh start ---
--- SESSION END | ctrl+c (no weights) | stopped at epoch 0 | best_loss=inf | 2026-04-23 17:11:17 ---
--- SESSION START | 2026-04-23 17:11:43 | fresh start ---
1,310.255726,349.624711,349.624711,2.00e-04,0,2026-04-23 17:12:32
2,49.407152,348.154938,348.154938,4.00e-04,0,2026-04-23 17:13:20
3,6.368336,345.025751,345.025751,6.00e-04,0,2026-04-23 17:14:07
4,6.102136,340.301434,340.301434,8.00e-04,0,2026-04-23 17:14:56
5,5.092933,333.224673,333.224673,1.00e-03,0,2026-04-23 17:15:45
6,4.057803,322.268656,322.268656,1.00e-03,0,2026-04-23 17:16:35
7,3.719456,306.507053,306.507053,1.00e-03,0,2026-04-23 17:17:25
8,3.326959,284.317550,284.317550,1.00e-03,0,2026-04-23 17:18:17
9,3.009412,253.871881,253.871881,9.99e-04,0,2026-04-23 17:19:08
10,2.701188,214.195194,214.195194,9.98e-04,0,2026-04-23 17:19:58
11,2.319232,167.288066,167.288066,9.97e-04,0,2026-04-23 17:20:50
12,2.178316,119.183115,119.183115,9.96e-04,0,2026-04-23 17:21:40
13,1.955797,76.774105,76.774105,9.95e-04,0,2026-04-23 17:22:31
14,1.885543,46.363668,46.363668,9.93e-04,0,2026-04-23 17:23:22
15,1.716420,28.919830,28.919830,9.91e-04,0,2026-04-23 17:24:13
16,1.607255,19.736129,19.736129,9.89e-04,0,2026-04-23 17:25:06
17,1.368593,14.670141,14.670141,9.87e-04,0,2026-04-23 17:25:55
18,1.310279,11.639218,11.639218,9.84e-04,0,2026-04-23 17:26:45
19,1.094450,9.724241,9.724241,9.81e-04,0,2026-04-23 17:27:34
20,0.918379,8.435956,8.435956,9.78e-04,0,2026-04-23 17:28:23
21,0.871141,7.579816,7.579816,9.75e-04,0,2026-04-23 17:29:13
22,0.747721,6.982124,6.982124,9.72e-04,0,2026-04-23 17:30:06
23,0.680591,6.551474,6.551474,9.68e-04,0,2026-04-23 17:30:57
24,0.594078,6.237901,6.237901,9.64e-04,0,2026-04-23 17:31:47
25,0.576307,6.012690,6.012690,9.60e-04,0,2026-04-23 17:32:36
26,0.533137,5.830709,5.830709,9.56e-04,0,2026-04-23 17:33:25
27,0.478316,5.686397,5.686397,9.52e-04,0,2026-04-23 17:34:17
28,0.402012,5.579407,5.579407,9.47e-04,0,2026-04-23 17:35:08
29,0.463055,5.475296,5.475296,9.42e-04,0,2026-04-23 17:35:58
30,0.374121,5.381399,5.381399,9.37e-04,0,2026-04-23 17:36:48
31,0.320303,5.320058,5.320058,9.32e-04,0,2026-04-23 17:37:40
32,0.304862,5.264521,5.264521,9.27e-04,0,2026-04-23 17:38:29
33,0.284036,5.151922,5.151922,9.21e-04,0,2026-04-23 17:39:20
34,0.281401,5.058160,5.058160,9.15e-04,0,2026-04-23 17:40:10
35,0.259151,4.876836,4.876836,9.09e-04,0,2026-04-23 17:41:01
36,0.218525,4.652679,4.652679,9.03e-04,0,2026-04-23 17:41:50
37,0.193760,4.467907,4.467907,8.97e-04,0,2026-04-23 17:42:38
38,0.211156,4.213721,4.213721,8.90e-04,0,2026-04-23 17:43:27
39,0.205397,3.946636,3.946636,8.84e-04,0,2026-04-23 17:44:16
40,0.175126,3.662641,3.662641,8.77e-04,0,2026-04-23 17:45:05
41,0.207737,3.379176,3.379176,8.70e-04,0,2026-04-23 17:45:54
42,0.196275,3.060810,3.060810,8.63e-04,0,2026-04-23 17:46:43
43,0.141910,2.742051,2.742051,8.55e-04,0,2026-04-23 17:47:31
44,0.146295,2.426013,2.426013,8.48e-04,0,2026-04-23 17:48:20
45,0.148983,2.132070,2.132070,8.40e-04,0,2026-04-23 17:49:08
46,0.172740,1.893664,1.893664,8.33e-04,0,2026-04-23 17:49:57
47,0.130549,1.635888,1.635888,8.25e-04,0,2026-04-23 17:50:46
48,0.134382,1.387431,1.387431,8.17e-04,0,2026-04-23 17:51:34
49,0.126427,1.263087,1.263087,8.08e-04,0,2026-04-23 17:52:23
50,0.133353,1.070001,1.070001,8.00e-04,0,2026-04-23 17:53:12
51,0.116789,0.958977,0.958977,7.92e-04,0,2026-04-23 17:54:00
52,0.087014,0.842656,0.842656,7.83e-04,0,2026-04-23 17:54:50
53,0.120687,0.743870,0.743870,7.74e-04,0,2026-04-23 17:55:39
54,0.105612,0.648812,0.648812,7.65e-04,0,2026-04-23 17:56:27
55,0.090917,0.583567,0.583567,7.57e-04,0,2026-04-23 17:57:16
56,0.097915,0.518729,0.518729,7.47e-04,0,2026-04-23 17:58:06
57,0.076227,0.473781,0.473781,7.38e-04,0,2026-04-23 17:58:56
58,0.082947,0.436409,0.436409,7.29e-04,0,2026-04-23 17:59:45
59,0.097591,0.423910,0.423910,7.20e-04,0,2026-04-23 18:00:36
60,0.090894,0.381211,0.381211,7.10e-04,0,2026-04-23 18:01:26
61,0.074007,0.337404,0.337404,7.01e-04,0,2026-04-23 18:02:15
62,0.095816,0.308320,0.308320,6.91e-04,0,2026-04-23 18:03:03
63,0.079122,0.293598,0.293598,6.82e-04,0,2026-04-23 18:03:52
64,0.090421,0.290458,0.290458,6.72e-04,0,2026-04-23 18:04:41
65,0.101847,0.276066,0.276066,6.62e-04,0,2026-04-23 18:05:31
66,0.071236,0.254580,0.254580,6.52e-04,0,2026-04-23 18:06:19
67,0.082653,0.241259,0.241259,6.42e-04,0,2026-04-23 18:07:08
68,0.069243,0.241424,0.241259,6.32e-04,1,2026-04-23 18:07:57
69,0.069493,0.224064,0.224064,6.22e-04,0,2026-04-23 18:08:46
70,0.049202,0.213049,0.213049,6.12e-04,0,2026-04-23 18:09:35
71,0.045146,0.203211,0.203211,6.02e-04,0,2026-04-23 18:10:24
72,0.062983,0.206928,0.203211,5.92e-04,1,2026-04-23 18:11:15
73,0.056732,0.209122,0.203211,5.81e-04,2,2026-04-23 18:12:04
74,0.060595,0.184678,0.184678,5.71e-04,0,2026-04-23 18:12:55
75,0.053593,0.176274,0.176274,5.61e-04,0,2026-04-23 18:13:44
76,0.046856,0.207011,0.176274,5.51e-04,1,2026-04-23 18:14:33
77,0.040090,0.166709,0.166709,5.40e-04,0,2026-04-23 18:15:22
78,0.039082,0.187110,0.166709,5.30e-04,1,2026-04-23 18:16:12
79,0.037521,0.162200,0.162200,5.20e-04,0,2026-04-23 18:17:02
80,0.040744,0.166577,0.162200,5.10e-04,1,2026-04-23 18:17:51
81,0.046131,0.147798,0.147798,4.99e-04,0,2026-04-23 18:18:39
82,0.054089,0.115936,0.115936,4.89e-04,0,2026-04-23 18:19:29
83,0.032341,0.170625,0.115936,4.79e-04,1,2026-04-23 18:20:19
84,0.039789,0.144477,0.115936,4.69e-04,2,2026-04-23 18:21:08
85,0.026470,0.132477,0.115936,4.58e-04,3,2026-04-23 18:21:57
86,0.028145,0.143405,0.115936,4.48e-04,4,2026-04-23 18:22:46
87,0.034033,0.135385,0.115936,4.38e-04,5,2026-04-23 18:23:35
88,0.033976,0.125111,0.115936,4.28e-04,6,2026-04-23 18:24:23
89,0.033453,0.120513,0.115936,4.18e-04,7,2026-04-23 18:25:13
90,0.031175,0.136720,0.115936,4.08e-04,8,2026-04-23 18:26:05
91,0.028819,0.127337,0.115936,3.98e-04,9,2026-04-23 18:26:54
92,0.036513,0.153219,0.115936,3.88e-04,10,2026-04-23 18:27:45
93,0.036757,0.118099,0.115936,3.78e-04,11,2026-04-23 18:28:33
94,0.029517,0.105896,0.105896,3.68e-04,0,2026-04-23 18:29:24
95,0.030119,0.117102,0.105896,3.59e-04,1,2026-04-23 18:30:14
96,0.032599,0.123941,0.105896,3.49e-04,2,2026-04-23 18:31:03
97,0.038779,0.120598,0.105896,3.40e-04,3,2026-04-23 18:31:53
98,0.034449,0.131817,0.105896,3.30e-04,4,2026-04-23 18:32:41
99,0.021978,0.135502,0.105896,3.21e-04,5,2026-04-23 18:33:31
100,0.026986,0.085780,0.085780,3.12e-04,0,2026-04-23 18:34:21
101,0.019749,0.108105,0.085780,3.03e-04,1,2026-04-23 18:35:09
102,0.017900,0.133414,0.085780,2.93e-04,2,2026-04-23 18:36:00
103,0.025522,0.114672,0.085780,2.85e-04,3,2026-04-23 18:36:48
104,0.019100,0.123852,0.085780,2.76e-04,4,2026-04-23 18:37:37
105,0.023292,0.122279,0.085780,2.67e-04,5,2026-04-23 18:38:26
106,0.025741,0.127780,0.085780,2.58e-04,6,2026-04-23 18:39:16
107,0.017052,0.108209,0.085780,2.50e-04,7,2026-04-23 18:40:05
108,0.016352,0.120194,0.085780,2.42e-04,8,2026-04-23 18:40:54
109,0.018866,0.130765,0.085780,2.33e-04,9,2026-04-23 18:41:42
110,0.022854,0.129023,0.085780,2.25e-04,10,2026-04-23 18:42:32
111,0.019632,0.101710,0.085780,2.17e-04,11,2026-04-23 18:43:23
112,0.018348,0.103492,0.085780,2.10e-04,12,2026-04-23 18:44:14
113,0.019794,0.125479,0.085780,2.02e-04,13,2026-04-23 18:45:02
114,0.016648,0.144951,0.085780,1.95e-04,14,2026-04-23 18:45:51
115,0.010998,0.102665,0.085780,1.87e-04,15,2026-04-23 18:46:40
116,0.015053,0.125423,0.085780,1.80e-04,16,2026-04-23 18:47:29
117,0.014393,0.104524,0.085780,1.73e-04,17,2026-04-23 18:48:19
118,0.016459,0.110900,0.085780,1.66e-04,18,2026-04-23 18:49:08
119,0.019435,0.105300,0.085780,1.60e-04,19,2026-04-23 18:49:57
120,0.014050,0.091819,0.085780,1.53e-04,20,2026-04-23 18:50:45
121,0.012244,0.099124,0.085780,1.47e-04,21,2026-04-23 18:51:35
122,0.016091,0.133862,0.085780,1.41e-04,22,2026-04-23 18:52:24
123,0.017762,0.087126,0.085780,1.35e-04,23,2026-04-23 18:53:13
124,0.013678,0.119187,0.085780,1.29e-04,24,2026-04-23 18:54:01
125,0.019177,0.078318,0.078318,1.23e-04,0,2026-04-23 18:54:50
126,0.010418,0.119552,0.078318,1.18e-04,1,2026-04-23 18:55:39
127,0.013313,0.104544,0.078318,1.13e-04,2,2026-04-23 18:56:29
128,0.009838,0.116828,0.078318,1.08e-04,3,2026-04-23 18:57:20
129,0.013624,0.118769,0.078318,1.03e-04,4,2026-04-23 18:58:10
130,0.015235,0.105972,0.078318,9.83e-05,5,2026-04-23 18:58:58
131,0.013420,0.125182,0.078318,9.39e-05,6,2026-04-23 18:59:47
132,0.026666,0.117303,0.078318,8.97e-05,7,2026-04-23 19:00:36
133,0.019728,0.114951,0.078318,8.57e-05,8,2026-04-23 19:01:25
134,0.017021,0.136758,0.078318,8.19e-05,9,2026-04-23 19:02:13
135,0.016953,0.120699,0.078318,7.83e-05,10,2026-04-23 19:03:02
136,0.013574,0.151112,0.078318,7.49e-05,11,2026-04-23 19:03:51
137,0.010455,0.132550,0.078318,7.17e-05,12,2026-04-23 19:04:40
138,0.012102,0.117921,0.078318,6.87e-05,13,2026-04-23 19:05:28
139,0.010900,0.092275,0.078318,6.60e-05,14,2026-04-23 19:06:17
140,0.012251,0.170413,0.078318,6.34e-05,15,2026-04-23 19:07:07
141,0.015925,0.117175,0.078318,6.11e-05,16,2026-04-23 19:07:55
142,0.011543,0.146075,0.078318,5.90e-05,17,2026-04-23 19:08:45
143,0.010366,0.138129,0.078318,5.71e-05,18,2026-04-23 19:09:33
144,0.009758,0.168863,0.078318,5.55e-05,19,2026-04-23 19:10:22
145,0.007734,0.165600,0.078318,5.40e-05,20,2026-04-23 19:11:11
146,0.012650,0.131470,0.078318,5.28e-05,21,2026-04-23 19:11:59
147,0.017380,0.154730,0.078318,5.18e-05,22,2026-04-23 19:12:47
148,0.010597,0.118371,0.078318,5.10e-05,23,2026-04-23 19:13:35
149,0.010259,0.134146,0.078318,5.04e-05,24,2026-04-23 19:14:24
150,0.008901,0.127914,0.078318,5.01e-05,25,2026-04-23 19:15:12
--- SESSION END | completed normally — all epochs done | stopped at epoch 150 | best_loss=0.078318 | 2026-04-23 19:15:12 ---
